2026-07-28T09:17:00.802+03:00  INFO 21348 --- [backend-06-26] [main] e.n.backend0626.Backend0626Application   : Starting Backend0626Application using Java 21.0.11 with PID 21348 (C:\Users\keyen\Documents\GitHub\backend-06-26\target\classes started by keyen in C:\Users\keyen\Documents\GitHub\backend-06-26)
2026-07-28T09:17:00.837+03:00  INFO 21348 --- [backend-06-26] [main] e.n.backend0626.Backend0626Application   : The following 1 profile is active: "prod"
2026-07-28T09:17:07.045+03:00  INFO 21348 --- [backend-06-26] [main] .s.d.r.c.RepositoryConfigurationDelegate : Multiple Spring Data modules found, entering strict repository configuration mode
2026-07-28T09:17:07.056+03:00  INFO 21348 --- [backend-06-26] [main] .s.d.r.c.RepositoryConfigurationDelegate : Bootstrapping Spring Data JPA repositories in DEFAULT mode.
2026-07-28T09:17:07.882+03:00  INFO 21348 --- [backend-06-26] [main] .s.d.r.c.RepositoryConfigurationDelegate : Finished Spring Data repository scanning in 783 ms. Found 4 JPA repository interfaces.
2026-07-28T09:17:08.054+03:00  INFO 21348 --- [backend-06-26] [main] .s.d.r.c.RepositoryConfigurationDelegate : Multiple Spring Data modules found, entering strict repository configuration mode
2026-07-28T09:17:08.060+03:00  INFO 21348 --- [backend-06-26] [main] .s.d.r.c.RepositoryConfigurationDelegate : Bootstrapping Spring Data Redis repositories in DEFAULT mode.
2026-07-28T09:17:08.139+03:00  INFO 21348 --- [backend-06-26] [main] .RepositoryConfigurationExtensionSupport : Spring Data Redis - Could not safely identify store assignment for repository candidate interface ee.nikolas.backend0626.repository.CategoryRepository; If you want this repository to be a Redis repository, consider annotating your entities with one of these annotations: org.springframework.data.redis.core.RedisHash (preferred), or consider extending one of the following types with your repository: org.springframework.data.keyvalue.repository.KeyValueRepository
2026-07-28T09:17:08.143+03:00  INFO 21348 --- [backend-06-26] [main] .RepositoryConfigurationExtensionSupport : Spring Data Redis - Could not safely identify store assignment for repository candidate interface ee.nikolas.backend0626.repository.OrderRepository; If you want this repository to be a Redis repository, consider annotating your entities with one of these annotations: org.springframework.data.redis.core.RedisHash (preferred), or consider extending one of the following types with your repository: org.springframework.data.keyvalue.repository.KeyValueRepository
2026-07-28T09:17:08.144+03:00  INFO 21348 --- [backend-06-26] [main] .RepositoryConfigurationExtensionSupport : Spring Data Redis - Could not safely identify store assignment for repository candidate interface ee.nikolas.backend0626.repository.PersonRepository; If you want this repository to be a Redis repository, consider annotating your entities with one of these annotations: org.springframework.data.redis.core.RedisHash (preferred), or consider extending one of the following types with your repository: org.springframework.data.keyvalue.repository.KeyValueRepository
2026-07-28T09:17:08.145+03:00  INFO 21348 --- [backend-06-26] [main] .RepositoryConfigurationExtensionSupport : Spring Data Redis - Could not safely identify store assignment for repository candidate interface ee.nikolas.backend0626.repository.ProductRepository; If you want this repository to be a Redis repository, consider annotating your entities with one of these annotations: org.springframework.data.redis.core.RedisHash (preferred), or consider extending one of the following types with your repository: org.springframework.data.keyvalue.repository.KeyValueRepository
2026-07-28T09:17:08.146+03:00  INFO 21348 --- [backend-06-26] [main] .s.d.r.c.RepositoryConfigurationDelegate : Finished Spring Data repository scanning in 35 ms. Found 0 Redis repository interfaces.
2026-07-28T09:17:10.318+03:00  INFO 21348 --- [backend-06-26] [main] o.s.boot.tomcat.TomcatWebServer          : Tomcat initialized with port 8080 (http)
2026-07-28T09:17:10.348+03:00  INFO 21348 --- [backend-06-26] [main] o.apache.catalina.core.StandardService   : Starting service [Tomcat]
2026-07-28T09:17:10.349+03:00  INFO 21348 --- [backend-06-26] [main] o.apache.catalina.core.StandardEngine    : Starting Servlet engine: [Apache Tomcat/11.0.21]
2026-07-28T09:17:10.479+03:00  INFO 21348 --- [backend-06-26] [main] b.w.c.s.WebApplicationContextInitializer : Root WebApplicationContext: initialization completed in 9380 ms
2026-07-28T09:17:10.872+03:00  INFO 21348 --- [backend-06-26] [main] org.hibernate.orm.jpa                    : HHH008540: Processing PersistenceUnitInfo [name: default]
2026-07-28T09:17:11.014+03:00  INFO 21348 --- [backend-06-26] [main] org.hibernate.orm.core                   : HHH000001: Hibernate ORM core version 7.2.12.Final
2026-07-28T09:17:12.054+03:00  INFO 21348 --- [backend-06-26] [main] o.s.o.j.p.SpringPersistenceUnitInfo      : No LoadTimeWeaver setup: ignoring JPA class transformer
2026-07-28T09:17:12.120+03:00  INFO 21348 --- [backend-06-26] [main] com.zaxxer.hikari.HikariDataSource       : HikariPool-1 - Starting...
2026-07-28T09:17:14.451+03:00  INFO 21348 --- [backend-06-26] [main] com.zaxxer.hikari.pool.HikariPool        : HikariPool-1 - Added connection org.postgresql.jdbc.PgConnection@2842ef02
2026-07-28T09:17:14.454+03:00  INFO 21348 --- [backend-06-26] [main] com.zaxxer.hikari.HikariDataSource       : HikariPool-1 - Start completed.
2026-07-28T09:17:15.777+03:00  INFO 21348 --- [backend-06-26] [main] org.hibernate.orm.connections.pooling    : HHH10001005: Database info:
	Database JDBC URL [jdbc:postgresql://dpg-d9bi856cjfls738edtug-a.oregon-postgres.render.com/veebipood0626]
	Database driver: PostgreSQL JDBC Driver
	Database dialect: PostgreSQLDialect
	Database version: 18.4
	Default catalog/schema: veebipood0626/public
	Autocommit mode: undefined/unknown
	Isolation level: READ_COMMITTED [default READ_COMMITTED]
	JDBC fetch size: none
	Pool: DataSourceConnectionProvider
	Minimum pool size: undefined/unknown
	Maximum pool size: undefined/unknown
2026-07-28T09:17:17.789+03:00  INFO 21348 --- [backend-06-26] [main] org.hibernate.orm.core                   : HHH000489: No JTA platform available (set 'hibernate.transaction.jta.platform' to enable JTA platform integration)
2026-07-28T09:17:19.516+03:00  INFO 21348 --- [backend-06-26] [main] j.LocalContainerEntityManagerFactoryBean : Initialized JPA EntityManagerFactory for persistence unit 'default'
2026-07-28T09:17:19.683+03:00  INFO 21348 --- [backend-06-26] [main] o.s.d.j.r.query.QueryEnhancerFactories   : Hibernate is in classpath; If applicable, HQL parser will be used.
2026-07-28T09:17:21.060+03:00  WARN 21348 --- [backend-06-26] [main] JpaBaseConfiguration$JpaWebConfiguration : spring.jpa.open-in-view is enabled by default. Therefore, database queries may be performed during view rendering. Explicitly configure spring.jpa.open-in-view to disable this warning
2026-07-28T09:17:21.235+03:00 DEBUG 21348 --- [backend-06-26] [main] swordEncoderAuthenticationManagerBuilder : No authenticationProviders and no parentAuthenticationManager defined. Returning null.
2026-07-28T09:17:21.730+03:00 DEBUG 21348 --- [backend-06-26] [main] o.s.s.web.DefaultSecurityFilterChain     : Will secure any request with filters: DisableEncodeUrlFilter, WebAsyncManagerIntegrationFilter, SecurityContextHolderFilter, HeaderWriterFilter, LogoutFilter, OAuth2ProtectedResourceMetadataFilter, BearerTokenAuthenticationFilter, AuthenticationFilter, RequestCacheAwareFilter, SecurityContextHolderAwareRequestFilter, AnonymousAuthenticationFilter, SessionManagementFilter, ExceptionTranslationFilter, AuthorizationFilter
2026-07-28T09:17:22.822+03:00  INFO 21348 --- [backend-06-26] [main] o.s.v.b.OptionalValidatorFactoryBean     : Failed to set up a Bean Validation provider: jakarta.validation.NoProviderFoundException: Unable to create a Configuration, because no Jakarta Validation provider could be found. Add a provider like Hibernate Validator (RI) to your classpath.
2026-07-28T09:17:22.972+03:00  INFO 21348 --- [backend-06-26] [main] o.s.b.w.a.WelcomePageHandlerMapping      : Adding welcome page: class path resource [static/index.html]
2026-07-28T09:17:24.216+03:00  INFO 21348 --- [backend-06-26] [main] o.s.m.s.b.SimpleBrokerMessageHandler     : Starting...
2026-07-28T09:17:24.218+03:00  INFO 21348 --- [backend-06-26] [main] o.s.m.s.b.SimpleBrokerMessageHandler     : BrokerAvailabilityEvent[available=true, SimpleBrokerMessageHandler [org.springframework.messaging.simp.broker.DefaultSubscriptionRegistry@46c6ff37]]
2026-07-28T09:17:24.220+03:00  INFO 21348 --- [backend-06-26] [main] o.s.m.s.b.SimpleBrokerMessageHandler     : Started.
2026-07-28T09:17:24.246+03:00  INFO 21348 --- [backend-06-26] [main] o.s.boot.tomcat.TomcatWebServer          : Tomcat started on port 8080 (http) with context path '/'
2026-07-28T09:17:24.269+03:00  INFO 21348 --- [backend-06-26] [main] e.n.backend0626.Backend0626Application   : Started Backend0626Application in 25.712 seconds (process running for 31.338)
2026-07-28T09:18:24.212+03:00  INFO 21348 --- [backend-06-26] [MessageBroker-1] o.s.w.s.c.WebSocketMessageBrokerStats    : WebSocketSession[0 current WS(0)-HttpStream(0)-HttpPoll(0), 0 total, 0 closed abnormally (0 connect failure, 0 send limit, 0 transport error)], stompSubProtocol[processed CONNECT(0)-CONNECTED(0)-DISCONNECT(0)], stompBrokerRelay[null], inboundChannel[pool size = 0, active threads = 0, queued tasks = 0, completed tasks = 0], outboundChannel[pool size = 0, active threads = 0, queued tasks = 0, completed tasks = 0], sockJsScheduler[pool size = 3, active threads = 1, queued tasks = 2, completed tasks = 0]
2026-07-28T09:19:11.133+03:00  INFO 21348 --- [backend-06-26] [http-nio-8080-exec-2] o.a.c.c.C.[Tomcat].[localhost].[/]       : Initializing Spring DispatcherServlet 'dispatcherServlet'
2026-07-28T09:19:11.133+03:00  INFO 21348 --- [backend-06-26] [http-nio-8080-exec-2] o.s.web.servlet.DispatcherServlet        : Initializing Servlet 'dispatcherServlet'
2026-07-28T09:19:11.138+03:00  INFO 21348 --- [backend-06-26] [http-nio-8080-exec-2] o.s.web.servlet.DispatcherServlet        : Completed initialization in 3 ms
2026-07-28T09:19:11.164+03:00 DEBUG 21348 --- [backend-06-26] [http-nio-8080-exec-2] o.s.security.web.FilterChainProxy        : Securing POST /uploads
2026-07-28T09:19:11.197+03:00 DEBUG 21348 --- [backend-06-26] [http-nio-8080-exec-2] o.s.s.w.a.AnonymousAuthenticationFilter  : Set SecurityContextHolder to anonymous SecurityContext
2026-07-28T09:22:45.006+03:00 DEBUG 21348 --- [backend-06-26] [http-nio-8080-exec-5] o.s.security.web.FilterChainProxy        : Securing POST /uploads
2026-07-28T09:22:45.290+03:00 DEBUG 21348 --- [backend-06-26] [http-nio-8080-exec-5] er$RestTemplateWithNimbusDefaultTimeouts : HTTP GET http://localhost:9090/realms/webshop-users/protocol/openid-connect/certs
2026-07-28T09:22:45.328+03:00 DEBUG 21348 --- [backend-06-26] [http-nio-8080-exec-5] er$RestTemplateWithNimbusDefaultTimeouts : Accept=[text/plain, application/json, application/yaml, application/*+json, */*]
2026-07-28T09:22:45.506+03:00 DEBUG 21348 --- [backend-06-26] [http-nio-8080-exec-5] er$RestTemplateWithNimbusDefaultTimeouts : Response 200 OK
2026-07-28T09:22:45.510+03:00 DEBUG 21348 --- [backend-06-26] [http-nio-8080-exec-5] er$RestTemplateWithNimbusDefaultTimeouts : Reading to [java.lang.String] as "application/json;charset=UTF-8"
2026-07-28T09:22:45.621+03:00 DEBUG 21348 --- [backend-06-26] [http-nio-8080-exec-5] o.s.s.o.s.r.a.JwtAuthenticationProvider  : Authenticated token
2026-07-28T09:22:45.624+03:00 DEBUG 21348 --- [backend-06-26] [http-nio-8080-exec-5] .s.r.w.a.BearerTokenAuthenticationFilter : Set SecurityContextHolder to JwtAuthenticationToken [Principal=org.springframework.security.oauth2.jwt.Jwt@3e27c630, Credentials=[PROTECTED], Authenticated=true, Details=WebAuthenticationDetails [RemoteIpAddress=0:0:0:0:0:0:0:1, SessionId=null], Granted Authorities=[SCOPE_email, ROLE_role_user, SCOPE_profile]]
2026-07-28T09:22:45.628+03:00 DEBUG 21348 --- [backend-06-26] [http-nio-8080-exec-5] o.s.security.web.FilterChainProxy        : Secured POST /uploads
2026-07-28T09:22:45.800+03:00 DEBUG 21348 --- [backend-06-26] [http-nio-8080-exec-5] o.s.security.web.FilterChainProxy        : Securing GET /error
2026-07-28T09:22:45.801+03:00 DEBUG 21348 --- [backend-06-26] [http-nio-8080-exec-5] o.s.security.web.FilterChainProxy        : Secured GET /error
2026-07-28T09:23:26.244+03:00 DEBUG 21348 --- [backend-06-26] [http-nio-8080-exec-6] o.s.security.web.FilterChainProxy        : Securing POST /upload
2026-07-28T09:23:26.253+03:00 DEBUG 21348 --- [backend-06-26] [http-nio-8080-exec-6] o.s.s.o.s.r.a.JwtAuthenticationProvider  : Authenticated token
2026-07-28T09:23:26.253+03:00 DEBUG 21348 --- [backend-06-26] [http-nio-8080-exec-6] .s.r.w.a.BearerTokenAuthenticationFilter : Set SecurityContextHolder to JwtAuthenticationToken [Principal=org.springframework.security.oauth2.jwt.Jwt@3e27c630, Credentials=[PROTECTED], Authenticated=true, Details=WebAuthenticationDetails [RemoteIpAddress=0:0:0:0:0:0:0:1, SessionId=null], Granted Authorities=[SCOPE_email, ROLE_role_user, SCOPE_profile]]
2026-07-28T09:23:26.254+03:00 DEBUG 21348 --- [backend-06-26] [http-nio-8080-exec-6] o.s.security.web.FilterChainProxy        : Secured POST /upload
2026-07-28T09:23:26.316+03:00  INFO 21348 --- [backend-06-26] [http-nio-8080-exec-6] e.n.b.controller.FileUploadController    : org.springframework.security.oauth2.jwt.Jwt@3e27c630
2026-07-28T09:23:26.321+03:00  INFO 21348 --- [backend-06-26] [http-nio-8080-exec-6] e.n.b.controller.FileUploadController    : 1785219806320_CVE-2023-4863.pdf
2026-07-28T09:23:26.322+03:00  INFO 21348 --- [backend-06-26] [http-nio-8080-exec-6] e.n.b.controller.FileUploadController    : uploads\org.springframework.security.oauth2.jwt.Jwt@3e27c630
2026-07-28T09:23:26.326+03:00  INFO 21348 --- [backend-06-26] [http-nio-8080-exec-6] e.n.b.controller.FileUploadController    : uploads\org.springframework.security.oauth2.jwt.Jwt@3e27c630\1785219806320_CVE-2023-4863.pdf
2026-07-28T09:31:10.158+03:00  INFO 21348 --- [backend-06-26] [SpringApplicationShutdownHook] o.s.boot.tomcat.GracefulShutdown         : Commencing graceful shutdown. Waiting for active requests to complete
2026-07-28T09:31:10.177+03:00  INFO 21348 --- [backend-06-26] [tomcat-shutdown] o.s.boot.tomcat.GracefulShutdown         : Graceful shutdown complete
2026-07-28T09:31:10.180+03:00  INFO 21348 --- [backend-06-26] [SpringApplicationShutdownHook] o.s.m.s.b.SimpleBrokerMessageHandler     : Stopping...
2026-07-28T09:31:10.182+03:00  INFO 21348 --- [backend-06-26] [SpringApplicationShutdownHook] o.s.m.s.b.SimpleBrokerMessageHandler     : BrokerAvailabilityEvent[available=false, SimpleBrokerMessageHandler [org.springframework.messaging.simp.broker.DefaultSubscriptionRegistry@46c6ff37]]
2026-07-28T09:31:10.182+03:00  INFO 21348 --- [backend-06-26] [SpringApplicationShutdownHook] o.s.m.s.b.SimpleBrokerMessageHandler     : Stopped.
2026-07-28T09:31:10.209+03:00  INFO 21348 --- [backend-06-26] [SpringApplicationShutdownHook] j.LocalContainerEntityManagerFactoryBean : Closing JPA EntityManagerFactory for persistence unit 'default'
2026-07-28T09:31:10.212+03:00  INFO 21348 --- [backend-06-26] [SpringApplicationShutdownHook] com.zaxxer.hikari.HikariDataSource       : HikariPool-1 - Shutdown initiated...
2026-07-28T09:31:12.058+03:00  INFO 21348 --- [backend-06-26] [SpringApplicationShutdownHook] com.zaxxer.hikari.HikariDataSource       : HikariPool-1 - Shutdown completed.
2026-07-28T09:31:20.509+03:00  INFO 11912 --- [backend-06-26] [main] e.n.backend0626.Backend0626Application   : Starting Backend0626Application using Java 21.0.11 with PID 11912 (C:\Users\keyen\Documents\GitHub\backend-06-26\target\classes started by keyen in C:\Users\keyen\Documents\GitHub\backend-06-26)
2026-07-28T09:31:20.514+03:00  INFO 11912 --- [backend-06-26] [main] e.n.backend0626.Backend0626Application   : The following 1 profile is active: "prod"
2026-07-28T09:31:21.938+03:00  INFO 11912 --- [backend-06-26] [main] .s.d.r.c.RepositoryConfigurationDelegate : Multiple Spring Data modules found, entering strict repository configuration mode
2026-07-28T09:31:21.940+03:00  INFO 11912 --- [backend-06-26] [main] .s.d.r.c.RepositoryConfigurationDelegate : Bootstrapping Spring Data JPA repositories in DEFAULT mode.
2026-07-28T09:31:22.145+03:00  INFO 11912 --- [backend-06-26] [main] .s.d.r.c.RepositoryConfigurationDelegate : Finished Spring Data repository scanning in 192 ms. Found 4 JPA repository interfaces.
2026-07-28T09:31:22.202+03:00  INFO 11912 --- [backend-06-26] [main] .s.d.r.c.RepositoryConfigurationDelegate : Multiple Spring Data modules found, entering strict repository configuration mode
2026-07-28T09:31:22.204+03:00  INFO 11912 --- [backend-06-26] [main] .s.d.r.c.RepositoryConfigurationDelegate : Bootstrapping Spring Data Redis repositories in DEFAULT mode.
2026-07-28T09:31:22.224+03:00  INFO 11912 --- [backend-06-26] [main] .RepositoryConfigurationExtensionSupport : Spring Data Redis - Could not safely identify store assignment for repository candidate interface ee.nikolas.backend0626.repository.CategoryRepository; If you want this repository to be a Redis repository, consider annotating your entities with one of these annotations: org.springframework.data.redis.core.RedisHash (preferred), or consider extending one of the following types with your repository: org.springframework.data.keyvalue.repository.KeyValueRepository
2026-07-28T09:31:22.226+03:00  INFO 11912 --- [backend-06-26] [main] .RepositoryConfigurationExtensionSupport : Spring Data Redis - Could not safely identify store assignment for repository candidate interface ee.nikolas.backend0626.repository.OrderRepository; If you want this repository to be a Redis repository, consider annotating your entities with one of these annotations: org.springframework.data.redis.core.RedisHash (preferred), or consider extending one of the following types with your repository: org.springframework.data.keyvalue.repository.KeyValueRepository
2026-07-28T09:31:22.226+03:00  INFO 11912 --- [backend-06-26] [main] .RepositoryConfigurationExtensionSupport : Spring Data Redis - Could not safely identify store assignment for repository candidate interface ee.nikolas.backend0626.repository.PersonRepository; If you want this repository to be a Redis repository, consider annotating your entities with one of these annotations: org.springframework.data.redis.core.RedisHash (preferred), or consider extending one of the following types with your repository: org.springframework.data.keyvalue.repository.KeyValueRepository
2026-07-28T09:31:22.227+03:00  INFO 11912 --- [backend-06-26] [main] .RepositoryConfigurationExtensionSupport : Spring Data Redis - Could not safely identify store assignment for repository candidate interface ee.nikolas.backend0626.repository.ProductRepository; If you want this repository to be a Redis repository, consider annotating your entities with one of these annotations: org.springframework.data.redis.core.RedisHash (preferred), or consider extending one of the following types with your repository: org.springframework.data.keyvalue.repository.KeyValueRepository
2026-07-28T09:31:22.227+03:00  INFO 11912 --- [backend-06-26] [main] .s.d.r.c.RepositoryConfigurationDelegate : Finished Spring Data repository scanning in 11 ms. Found 0 Redis repository interfaces.
2026-07-28T09:31:23.135+03:00  INFO 11912 --- [backend-06-26] [main] o.s.boot.tomcat.TomcatWebServer          : Tomcat initialized with port 8080 (http)
2026-07-28T09:31:23.152+03:00  INFO 11912 --- [backend-06-26] [main] o.apache.catalina.core.StandardService   : Starting service [Tomcat]
2026-07-28T09:31:23.153+03:00  INFO 11912 --- [backend-06-26] [main] o.apache.catalina.core.StandardEngine    : Starting Servlet engine: [Apache Tomcat/11.0.21]
2026-07-28T09:31:23.227+03:00  INFO 11912 --- [backend-06-26] [main] b.w.c.s.WebApplicationContextInitializer : Root WebApplicationContext: initialization completed in 2640 ms
2026-07-28T09:31:23.463+03:00  INFO 11912 --- [backend-06-26] [main] org.hibernate.orm.jpa                    : HHH008540: Processing PersistenceUnitInfo [name: default]
2026-07-28T09:31:23.520+03:00  INFO 11912 --- [backend-06-26] [main] org.hibernate.orm.core                   : HHH000001: Hibernate ORM core version 7.2.12.Final
2026-07-28T09:31:24.068+03:00  INFO 11912 --- [backend-06-26] [main] o.s.o.j.p.SpringPersistenceUnitInfo      : No LoadTimeWeaver setup: ignoring JPA class transformer
2026-07-28T09:31:24.102+03:00  INFO 11912 --- [backend-06-26] [main] com.zaxxer.hikari.HikariDataSource       : HikariPool-1 - Starting...
2026-07-28T09:31:26.068+03:00  INFO 11912 --- [backend-06-26] [main] com.zaxxer.hikari.pool.HikariPool        : HikariPool-1 - Added connection org.postgresql.jdbc.PgConnection@7978550b
2026-07-28T09:31:26.070+03:00  INFO 11912 --- [backend-06-26] [main] com.zaxxer.hikari.HikariDataSource       : HikariPool-1 - Start completed.
2026-07-28T09:31:27.362+03:00  INFO 11912 --- [backend-06-26] [main] org.hibernate.orm.connections.pooling    : HHH10001005: Database info:
	Database JDBC URL [jdbc:postgresql://dpg-d9bi856cjfls738edtug-a.oregon-postgres.render.com/veebipood0626]
	Database driver: PostgreSQL JDBC Driver
	Database dialect: PostgreSQLDialect
	Database version: 18.4
	Default catalog/schema: veebipood0626/public
	Autocommit mode: undefined/unknown
	Isolation level: READ_COMMITTED [default READ_COMMITTED]
	JDBC fetch size: none
	Pool: DataSourceConnectionProvider
	Minimum pool size: undefined/unknown
	Maximum pool size: undefined/unknown
2026-07-28T09:31:28.577+03:00  INFO 11912 --- [backend-06-26] [main] org.hibernate.orm.core                   : HHH000489: No JTA platform available (set 'hibernate.transaction.jta.platform' to enable JTA platform integration)
2026-07-28T09:31:30.333+03:00  INFO 11912 --- [backend-06-26] [main] j.LocalContainerEntityManagerFactoryBean : Initialized JPA EntityManagerFactory for persistence unit 'default'
2026-07-28T09:31:30.444+03:00  INFO 11912 --- [backend-06-26] [main] o.s.d.j.r.query.QueryEnhancerFactories   : Hibernate is in classpath; If applicable, HQL parser will be used.
2026-07-28T09:31:31.214+03:00  WARN 11912 --- [backend-06-26] [main] JpaBaseConfiguration$JpaWebConfiguration : spring.jpa.open-in-view is enabled by default. Therefore, database queries may be performed during view rendering. Explicitly configure spring.jpa.open-in-view to disable this warning
2026-07-28T09:31:31.309+03:00 DEBUG 11912 --- [backend-06-26] [main] swordEncoderAuthenticationManagerBuilder : No authenticationProviders and no parentAuthenticationManager defined. Returning null.
2026-07-28T09:31:31.586+03:00 DEBUG 11912 --- [backend-06-26] [main] o.s.s.web.DefaultSecurityFilterChain     : Will secure any request with filters: DisableEncodeUrlFilter, WebAsyncManagerIntegrationFilter, SecurityContextHolderFilter, HeaderWriterFilter, LogoutFilter, OAuth2ProtectedResourceMetadataFilter, BearerTokenAuthenticationFilter, AuthenticationFilter, RequestCacheAwareFilter, SecurityContextHolderAwareRequestFilter, AnonymousAuthenticationFilter, SessionManagementFilter, ExceptionTranslationFilter, AuthorizationFilter
2026-07-28T09:31:32.164+03:00  INFO 11912 --- [backend-06-26] [main] o.s.v.b.OptionalValidatorFactoryBean     : Failed to set up a Bean Validation provider: jakarta.validation.NoProviderFoundException: Unable to create a Configuration, because no Jakarta Validation provider could be found. Add a provider like Hibernate Validator (RI) to your classpath.
2026-07-28T09:31:32.265+03:00  INFO 11912 --- [backend-06-26] [main] o.s.b.w.a.WelcomePageHandlerMapping      : Adding welcome page: class path resource [static/index.html]
2026-07-28T09:31:32.982+03:00  INFO 11912 --- [backend-06-26] [main] o.s.m.s.b.SimpleBrokerMessageHandler     : Starting...
2026-07-28T09:31:32.983+03:00  INFO 11912 --- [backend-06-26] [main] o.s.m.s.b.SimpleBrokerMessageHandler     : BrokerAvailabilityEvent[available=true, SimpleBrokerMessageHandler [org.springframework.messaging.simp.broker.DefaultSubscriptionRegistry@10ab3bc0]]
2026-07-28T09:31:32.984+03:00  INFO 11912 --- [backend-06-26] [main] o.s.m.s.b.SimpleBrokerMessageHandler     : Started.
2026-07-28T09:31:32.999+03:00  INFO 11912 --- [backend-06-26] [main] o.s.boot.tomcat.TomcatWebServer          : Tomcat started on port 8080 (http) with context path '/'
2026-07-28T09:31:33.013+03:00  INFO 11912 --- [backend-06-26] [main] e.n.backend0626.Backend0626Application   : Started Backend0626Application in 13.454 seconds (process running for 15.097)
2026-07-28T09:31:51.068+03:00  INFO 11912 --- [backend-06-26] [http-nio-8080-exec-1] o.a.c.c.C.[Tomcat].[localhost].[/]       : Initializing Spring DispatcherServlet 'dispatcherServlet'
2026-07-28T09:31:51.068+03:00  INFO 11912 --- [backend-06-26] [http-nio-8080-exec-1] o.s.web.servlet.DispatcherServlet        : Initializing Servlet 'dispatcherServlet'
2026-07-28T09:31:51.070+03:00  INFO 11912 --- [backend-06-26] [http-nio-8080-exec-1] o.s.web.servlet.DispatcherServlet        : Completed initialization in 1 ms
2026-07-28T09:31:51.090+03:00 DEBUG 11912 --- [backend-06-26] [http-nio-8080-exec-1] o.s.security.web.FilterChainProxy        : Securing POST /upload
2026-07-28T09:31:51.293+03:00 DEBUG 11912 --- [backend-06-26] [http-nio-8080-exec-1] er$RestTemplateWithNimbusDefaultTimeouts : HTTP GET http://localhost:9090/realms/webshop-users/protocol/openid-connect/certs
2026-07-28T09:31:51.315+03:00 DEBUG 11912 --- [backend-06-26] [http-nio-8080-exec-1] er$RestTemplateWithNimbusDefaultTimeouts : Accept=[text/plain, application/json, application/yaml, application/*+json, */*]
2026-07-28T09:31:51.375+03:00 DEBUG 11912 --- [backend-06-26] [http-nio-8080-exec-1] er$RestTemplateWithNimbusDefaultTimeouts : Response 200 OK
2026-07-28T09:31:51.378+03:00 DEBUG 11912 --- [backend-06-26] [http-nio-8080-exec-1] er$RestTemplateWithNimbusDefaultTimeouts : Reading to [java.lang.String] as "application/json;charset=UTF-8"
2026-07-28T09:31:51.431+03:00 DEBUG 11912 --- [backend-06-26] [http-nio-8080-exec-1] o.s.s.oauth2.jwt.JwtTimestampValidator   : Jwt expired at 2026-07-28T06:27:26Z
2026-07-28T09:31:51.433+03:00 DEBUG 11912 --- [backend-06-26] [http-nio-8080-exec-1] o.s.s.o.s.r.a.JwtAuthenticationProvider  : Failed to authenticate since the JWT was invalid
2026-07-28T09:31:51.437+03:00 DEBUG 11912 --- [backend-06-26] [http-nio-8080-exec-1] o.s.s.authentication.ProviderManager     : Authentication failed with provider JwtAuthenticationProvider since An error occurred while attempting to decode the Jwt: Jwt expired at 2026-07-28T06:27:26Z
2026-07-28T09:32:07.798+03:00 DEBUG 11912 --- [backend-06-26] [http-nio-8080-exec-3] o.s.security.web.FilterChainProxy        : Securing POST /upload
2026-07-28T09:32:07.808+03:00 DEBUG 11912 --- [backend-06-26] [http-nio-8080-exec-3] o.s.s.o.s.r.a.JwtAuthenticationProvider  : Authenticated token
2026-07-28T09:32:07.810+03:00 DEBUG 11912 --- [backend-06-26] [http-nio-8080-exec-3] .s.r.w.a.BearerTokenAuthenticationFilter : Set SecurityContextHolder to JwtAuthenticationToken [Principal=org.springframework.security.oauth2.jwt.Jwt@b876d895, Credentials=[PROTECTED], Authenticated=true, Details=WebAuthenticationDetails [RemoteIpAddress=0:0:0:0:0:0:0:1, SessionId=null], Granted Authorities=[SCOPE_email, ROLE_role_user, SCOPE_profile]]
2026-07-28T09:32:07.816+03:00 DEBUG 11912 --- [backend-06-26] [http-nio-8080-exec-3] o.s.security.web.FilterChainProxy        : Secured POST /upload
2026-07-28T09:32:07.943+03:00  INFO 11912 --- [backend-06-26] [http-nio-8080-exec-3] e.n.b.controller.FileUploadController    : Authenticated user: null
2026-07-28T09:32:32.994+03:00  INFO 11912 --- [backend-06-26] [MessageBroker-1] o.s.w.s.c.WebSocketMessageBrokerStats    : WebSocketSession[0 current WS(0)-HttpStream(0)-HttpPoll(0), 0 total, 0 closed abnormally (0 connect failure, 0 send limit, 0 transport error)], stompSubProtocol[processed CONNECT(0)-CONNECTED(0)-DISCONNECT(0)], stompBrokerRelay[null], inboundChannel[pool size = 0, active threads = 0, queued tasks = 0, completed tasks = 0], outboundChannel[pool size = 0, active threads = 0, queued tasks = 0, completed tasks = 0], sockJsScheduler[pool size = 3, active threads = 1, queued tasks = 2, completed tasks = 0]
2026-07-28T09:35:24.978+03:00  INFO 11912 --- [backend-06-26] [SpringApplicationShutdownHook] o.s.boot.tomcat.GracefulShutdown         : Commencing graceful shutdown. Waiting for active requests to complete
2026-07-28T09:35:25.024+03:00  INFO 11912 --- [backend-06-26] [tomcat-shutdown] o.s.boot.tomcat.GracefulShutdown         : Graceful shutdown complete
2026-07-28T09:35:25.031+03:00  INFO 11912 --- [backend-06-26] [SpringApplicationShutdownHook] o.s.m.s.b.SimpleBrokerMessageHandler     : Stopping...
2026-07-28T09:35:25.032+03:00  INFO 11912 --- [backend-06-26] [SpringApplicationShutdownHook] o.s.m.s.b.SimpleBrokerMessageHandler     : BrokerAvailabilityEvent[available=false, SimpleBrokerMessageHandler [org.springframework.messaging.simp.broker.DefaultSubscriptionRegistry@10ab3bc0]]
2026-07-28T09:35:25.033+03:00  INFO 11912 --- [backend-06-26] [SpringApplicationShutdownHook] o.s.m.s.b.SimpleBrokerMessageHandler     : Stopped.
2026-07-28T09:35:25.082+03:00  INFO 11912 --- [backend-06-26] [SpringApplicationShutdownHook] j.LocalContainerEntityManagerFactoryBean : Closing JPA EntityManagerFactory for persistence unit 'default'
2026-07-28T09:35:25.088+03:00  INFO 11912 --- [backend-06-26] [SpringApplicationShutdownHook] com.zaxxer.hikari.HikariDataSource       : HikariPool-1 - Shutdown initiated...
2026-07-28T09:35:26.826+03:00  INFO 11912 --- [backend-06-26] [SpringApplicationShutdownHook] com.zaxxer.hikari.HikariDataSource       : HikariPool-1 - Shutdown completed.
2026-07-28T09:35:37.208+03:00  INFO 20276 --- [backend-06-26] [main] e.n.backend0626.Backend0626Application   : Starting Backend0626Application using Java 21.0.11 with PID 20276 (C:\Users\keyen\Documents\GitHub\backend-06-26\target\classes started by keyen in C:\Users\keyen\Documents\GitHub\backend-06-26)
2026-07-28T09:35:37.216+03:00  INFO 20276 --- [backend-06-26] [main] e.n.backend0626.Backend0626Application   : The following 1 profile is active: "prod"
2026-07-28T09:35:38.940+03:00  INFO 20276 --- [backend-06-26] [main] .s.d.r.c.RepositoryConfigurationDelegate : Multiple Spring Data modules found, entering strict repository configuration mode
2026-07-28T09:35:38.942+03:00  INFO 20276 --- [backend-06-26] [main] .s.d.r.c.RepositoryConfigurationDelegate : Bootstrapping Spring Data JPA repositories in DEFAULT mode.
2026-07-28T09:35:39.261+03:00  INFO 20276 --- [backend-06-26] [main] .s.d.r.c.RepositoryConfigurationDelegate : Finished Spring Data repository scanning in 299 ms. Found 4 JPA repository interfaces.
2026-07-28T09:35:39.359+03:00  INFO 20276 --- [backend-06-26] [main] .s.d.r.c.RepositoryConfigurationDelegate : Multiple Spring Data modules found, entering strict repository configuration mode
2026-07-28T09:35:39.363+03:00  INFO 20276 --- [backend-06-26] [main] .s.d.r.c.RepositoryConfigurationDelegate : Bootstrapping Spring Data Redis repositories in DEFAULT mode.
2026-07-28T09:35:39.393+03:00  INFO 20276 --- [backend-06-26] [main] .RepositoryConfigurationExtensionSupport : Spring Data Redis - Could not safely identify store assignment for repository candidate interface ee.nikolas.backend0626.repository.CategoryRepository; If you want this repository to be a Redis repository, consider annotating your entities with one of these annotations: org.springframework.data.redis.core.RedisHash (preferred), or consider extending one of the following types with your repository: org.springframework.data.keyvalue.repository.KeyValueRepository
2026-07-28T09:35:39.395+03:00  INFO 20276 --- [backend-06-26] [main] .RepositoryConfigurationExtensionSupport : Spring Data Redis - Could not safely identify store assignment for repository candidate interface ee.nikolas.backend0626.repository.OrderRepository; If you want this repository to be a Redis repository, consider annotating your entities with one of these annotations: org.springframework.data.redis.core.RedisHash (preferred), or consider extending one of the following types with your repository: org.springframework.data.keyvalue.repository.KeyValueRepository
2026-07-28T09:35:39.396+03:00  INFO 20276 --- [backend-06-26] [main] .RepositoryConfigurationExtensionSupport : Spring Data Redis - Could not safely identify store assignment for repository candidate interface ee.nikolas.backend0626.repository.PersonRepository; If you want this repository to be a Redis repository, consider annotating your entities with one of these annotations: org.springframework.data.redis.core.RedisHash (preferred), or consider extending one of the following types with your repository: org.springframework.data.keyvalue.repository.KeyValueRepository
2026-07-28T09:35:39.397+03:00  INFO 20276 --- [backend-06-26] [main] .RepositoryConfigurationExtensionSupport : Spring Data Redis - Could not safely identify store assignment for repository candidate interface ee.nikolas.backend0626.repository.ProductRepository; If you want this repository to be a Redis repository, consider annotating your entities with one of these annotations: org.springframework.data.redis.core.RedisHash (preferred), or consider extending one of the following types with your repository: org.springframework.data.keyvalue.repository.KeyValueRepository
2026-07-28T09:35:39.399+03:00  INFO 20276 --- [backend-06-26] [main] .s.d.r.c.RepositoryConfigurationDelegate : Finished Spring Data repository scanning in 19 ms. Found 0 Redis repository interfaces.
2026-07-28T09:35:41.292+03:00  INFO 20276 --- [backend-06-26] [main] o.s.boot.tomcat.TomcatWebServer          : Tomcat initialized with port 8080 (http)
2026-07-28T09:35:41.329+03:00  INFO 20276 --- [backend-06-26] [main] o.apache.catalina.core.StandardService   : Starting service [Tomcat]
2026-07-28T09:35:41.333+03:00  INFO 20276 --- [backend-06-26] [main] o.apache.catalina.core.StandardEngine    : Starting Servlet engine: [Apache Tomcat/11.0.21]
2026-07-28T09:35:41.515+03:00  INFO 20276 --- [backend-06-26] [main] b.w.c.s.WebApplicationContextInitializer : Root WebApplicationContext: initialization completed in 4187 ms
2026-07-28T09:35:41.896+03:00  INFO 20276 --- [backend-06-26] [main] org.hibernate.orm.jpa                    : HHH008540: Processing PersistenceUnitInfo [name: default]
2026-07-28T09:35:42.030+03:00  INFO 20276 --- [backend-06-26] [main] org.hibernate.orm.core                   : HHH000001: Hibernate ORM core version 7.2.12.Final
2026-07-28T09:35:42.931+03:00  INFO 20276 --- [backend-06-26] [main] o.s.o.j.p.SpringPersistenceUnitInfo      : No LoadTimeWeaver setup: ignoring JPA class transformer
2026-07-28T09:35:42.977+03:00  INFO 20276 --- [backend-06-26] [main] com.zaxxer.hikari.HikariDataSource       : HikariPool-1 - Starting...
2026-07-28T09:35:45.133+03:00  INFO 20276 --- [backend-06-26] [main] com.zaxxer.hikari.pool.HikariPool        : HikariPool-1 - Added connection org.postgresql.jdbc.PgConnection@5b0e5d5f
2026-07-28T09:35:45.135+03:00  INFO 20276 --- [backend-06-26] [main] com.zaxxer.hikari.HikariDataSource       : HikariPool-1 - Start completed.
2026-07-28T09:35:46.425+03:00  INFO 20276 --- [backend-06-26] [main] org.hibernate.orm.connections.pooling    : HHH10001005: Database info:
	Database JDBC URL [jdbc:postgresql://dpg-d9bi856cjfls738edtug-a.oregon-postgres.render.com/veebipood0626]
	Database driver: PostgreSQL JDBC Driver
	Database dialect: PostgreSQLDialect
	Database version: 18.4
	Default catalog/schema: veebipood0626/public
	Autocommit mode: undefined/unknown
	Isolation level: READ_COMMITTED [default READ_COMMITTED]
	JDBC fetch size: none
	Pool: DataSourceConnectionProvider
	Minimum pool size: undefined/unknown
	Maximum pool size: undefined/unknown
2026-07-28T09:35:48.207+03:00  INFO 20276 --- [backend-06-26] [main] org.hibernate.orm.core                   : HHH000489: No JTA platform available (set 'hibernate.transaction.jta.platform' to enable JTA platform integration)
2026-07-28T09:35:49.920+03:00  INFO 20276 --- [backend-06-26] [main] j.LocalContainerEntityManagerFactoryBean : Initialized JPA EntityManagerFactory for persistence unit 'default'
2026-07-28T09:35:50.121+03:00  INFO 20276 --- [backend-06-26] [main] o.s.d.j.r.query.QueryEnhancerFactories   : Hibernate is in classpath; If applicable, HQL parser will be used.
2026-07-28T09:35:51.442+03:00  WARN 20276 --- [backend-06-26] [main] JpaBaseConfiguration$JpaWebConfiguration : spring.jpa.open-in-view is enabled by default. Therefore, database queries may be performed during view rendering. Explicitly configure spring.jpa.open-in-view to disable this warning
2026-07-28T09:35:51.599+03:00 DEBUG 20276 --- [backend-06-26] [main] swordEncoderAuthenticationManagerBuilder : No authenticationProviders and no parentAuthenticationManager defined. Returning null.
2026-07-28T09:35:52.035+03:00 DEBUG 20276 --- [backend-06-26] [main] o.s.s.web.DefaultSecurityFilterChain     : Will secure any request with filters: DisableEncodeUrlFilter, WebAsyncManagerIntegrationFilter, SecurityContextHolderFilter, HeaderWriterFilter, LogoutFilter, OAuth2ProtectedResourceMetadataFilter, BearerTokenAuthenticationFilter, AuthenticationFilter, RequestCacheAwareFilter, SecurityContextHolderAwareRequestFilter, AnonymousAuthenticationFilter, SessionManagementFilter, ExceptionTranslationFilter, AuthorizationFilter
2026-07-28T09:35:52.937+03:00  INFO 20276 --- [backend-06-26] [main] o.s.v.b.OptionalValidatorFactoryBean     : Failed to set up a Bean Validation provider: jakarta.validation.NoProviderFoundException: Unable to create a Configuration, because no Jakarta Validation provider could be found. Add a provider like Hibernate Validator (RI) to your classpath.
2026-07-28T09:35:53.075+03:00  INFO 20276 --- [backend-06-26] [main] o.s.b.w.a.WelcomePageHandlerMapping      : Adding welcome page: class path resource [static/index.html]
2026-07-28T09:35:54.129+03:00  INFO 20276 --- [backend-06-26] [main] o.s.m.s.b.SimpleBrokerMessageHandler     : Starting...
2026-07-28T09:35:54.129+03:00  INFO 20276 --- [backend-06-26] [main] o.s.m.s.b.SimpleBrokerMessageHandler     : BrokerAvailabilityEvent[available=true, SimpleBrokerMessageHandler [org.springframework.messaging.simp.broker.DefaultSubscriptionRegistry@8b24111]]
2026-07-28T09:35:54.131+03:00  INFO 20276 --- [backend-06-26] [main] o.s.m.s.b.SimpleBrokerMessageHandler     : Started.
2026-07-28T09:35:54.157+03:00  INFO 20276 --- [backend-06-26] [main] o.s.boot.tomcat.TomcatWebServer          : Tomcat started on port 8080 (http) with context path '/'
2026-07-28T09:35:54.181+03:00  INFO 20276 --- [backend-06-26] [main] e.n.backend0626.Backend0626Application   : Started Backend0626Application in 18.051 seconds (process running for 19.861)
2026-07-28T09:36:17.071+03:00  INFO 20276 --- [backend-06-26] [http-nio-8080-exec-2] o.a.c.c.C.[Tomcat].[localhost].[/]       : Initializing Spring DispatcherServlet 'dispatcherServlet'
2026-07-28T09:36:17.072+03:00  INFO 20276 --- [backend-06-26] [http-nio-8080-exec-2] o.s.web.servlet.DispatcherServlet        : Initializing Servlet 'dispatcherServlet'
2026-07-28T09:36:17.075+03:00  INFO 20276 --- [backend-06-26] [http-nio-8080-exec-2] o.s.web.servlet.DispatcherServlet        : Completed initialization in 3 ms
2026-07-28T09:36:17.105+03:00 DEBUG 20276 --- [backend-06-26] [http-nio-8080-exec-2] o.s.security.web.FilterChainProxy        : Securing POST /upload
2026-07-28T09:36:17.414+03:00 DEBUG 20276 --- [backend-06-26] [http-nio-8080-exec-2] er$RestTemplateWithNimbusDefaultTimeouts : HTTP GET http://localhost:9090/realms/webshop-users/protocol/openid-connect/certs
2026-07-28T09:36:17.442+03:00 DEBUG 20276 --- [backend-06-26] [http-nio-8080-exec-2] er$RestTemplateWithNimbusDefaultTimeouts : Accept=[text/plain, application/json, application/yaml, application/*+json, */*]
2026-07-28T09:36:17.498+03:00 DEBUG 20276 --- [backend-06-26] [http-nio-8080-exec-2] er$RestTemplateWithNimbusDefaultTimeouts : Response 200 OK
2026-07-28T09:36:17.502+03:00 DEBUG 20276 --- [backend-06-26] [http-nio-8080-exec-2] er$RestTemplateWithNimbusDefaultTimeouts : Reading to [java.lang.String] as "application/json;charset=UTF-8"
2026-07-28T09:36:17.573+03:00 DEBUG 20276 --- [backend-06-26] [http-nio-8080-exec-2] o.s.s.o.s.r.a.JwtAuthenticationProvider  : Authenticated token
2026-07-28T09:36:17.577+03:00 DEBUG 20276 --- [backend-06-26] [http-nio-8080-exec-2] .s.r.w.a.BearerTokenAuthenticationFilter : Set SecurityContextHolder to JwtAuthenticationToken [Principal=org.springframework.security.oauth2.jwt.Jwt@9d8a23ee, Credentials=[PROTECTED], Authenticated=true, Details=WebAuthenticationDetails [RemoteIpAddress=0:0:0:0:0:0:0:1, SessionId=null], Granted Authorities=[SCOPE_email, ROLE_role_user, SCOPE_profile]]
2026-07-28T09:36:17.587+03:00 DEBUG 20276 --- [backend-06-26] [http-nio-8080-exec-2] o.s.security.web.FilterChainProxy        : Secured POST /upload
2026-07-28T09:36:17.789+03:00  INFO 20276 --- [backend-06-26] [http-nio-8080-exec-2] e.n.b.controller.FileUploadController    : efc930ec-ce2b-4a81-ae80-2571002490b3
2026-07-28T09:36:17.793+03:00  INFO 20276 --- [backend-06-26] [http-nio-8080-exec-2] e.n.b.controller.FileUploadController    : 1785220577792_CVE-2023-4863.pdf
2026-07-28T09:36:17.796+03:00  INFO 20276 --- [backend-06-26] [http-nio-8080-exec-2] e.n.b.controller.FileUploadController    : C:\Users\keyen\Documents\GitHub\backend-06-26\uploads\efc930ec-ce2b-4a81-ae80-2571002490b3
2026-07-28T09:36:17.799+03:00  INFO 20276 --- [backend-06-26] [http-nio-8080-exec-2] e.n.b.controller.FileUploadController    : C:\Users\keyen\Documents\GitHub\backend-06-26\uploads\efc930ec-ce2b-4a81-ae80-2571002490b3\1785220577792_CVE-2023-4863.pdf
2026-07-28T09:36:54.112+03:00  INFO 20276 --- [backend-06-26] [MessageBroker-1] o.s.w.s.c.WebSocketMessageBrokerStats    : WebSocketSession[0 current WS(0)-HttpStream(0)-HttpPoll(0), 0 total, 0 closed abnormally (0 connect failure, 0 send limit, 0 transport error)], stompSubProtocol[processed CONNECT(0)-CONNECTED(0)-DISCONNECT(0)], stompBrokerRelay[null], inboundChannel[pool size = 0, active threads = 0, queued tasks = 0, completed tasks = 0], outboundChannel[pool size = 0, active threads = 0, queued tasks = 0, completed tasks = 0], sockJsScheduler[pool size = 3, active threads = 1, queued tasks = 2, completed tasks = 0]
2026-07-28T09:39:52.400+03:00 DEBUG 20276 --- [backend-06-26] [http-nio-8080-exec-5] o.s.security.web.FilterChainProxy        : Securing POST /upload
2026-07-28T09:39:52.407+03:00 DEBUG 20276 --- [backend-06-26] [http-nio-8080-exec-5] o.s.s.o.s.r.a.JwtAuthenticationProvider  : Authenticated token
2026-07-28T09:39:52.408+03:00 DEBUG 20276 --- [backend-06-26] [http-nio-8080-exec-5] .s.r.w.a.BearerTokenAuthenticationFilter : Set SecurityContextHolder to JwtAuthenticationToken [Principal=org.springframework.security.oauth2.jwt.Jwt@9d8a23ee, Credentials=[PROTECTED], Authenticated=true, Details=WebAuthenticationDetails [RemoteIpAddress=0:0:0:0:0:0:0:1, SessionId=null], Granted Authorities=[SCOPE_email, ROLE_role_user, SCOPE_profile]]
2026-07-28T09:39:52.409+03:00 DEBUG 20276 --- [backend-06-26] [http-nio-8080-exec-5] o.s.security.web.FilterChainProxy        : Secured POST /upload
2026-07-28T09:39:52.435+03:00  INFO 20276 --- [backend-06-26] [http-nio-8080-exec-5] e.n.b.controller.FileUploadController    : efc930ec-ce2b-4a81-ae80-2571002490b3
2026-07-28T09:39:52.435+03:00  INFO 20276 --- [backend-06-26] [http-nio-8080-exec-5] e.n.b.controller.FileUploadController    : 1785220792435_Screenshot 2026-07-14 184843.png
2026-07-28T09:39:52.436+03:00  INFO 20276 --- [backend-06-26] [http-nio-8080-exec-5] e.n.b.controller.FileUploadController    : C:\Users\keyen\Documents\GitHub\backend-06-26\uploads\efc930ec-ce2b-4a81-ae80-2571002490b3
2026-07-28T09:39:52.437+03:00  INFO 20276 --- [backend-06-26] [http-nio-8080-exec-5] e.n.b.controller.FileUploadController    : C:\Users\keyen\Documents\GitHub\backend-06-26\uploads\efc930ec-ce2b-4a81-ae80-2571002490b3\1785220792435_Screenshot 2026-07-14 184843.png
2026-07-28T09:42:57.474+03:00  INFO 20276 --- [backend-06-26] [SpringApplicationShutdownHook] o.s.boot.tomcat.GracefulShutdown         : Commencing graceful shutdown. Waiting for active requests to complete
2026-07-28T09:42:57.513+03:00  INFO 20276 --- [backend-06-26] [tomcat-shutdown] o.s.boot.tomcat.GracefulShutdown         : Graceful shutdown complete
2026-07-28T09:42:57.516+03:00  INFO 20276 --- [backend-06-26] [SpringApplicationShutdownHook] o.s.m.s.b.SimpleBrokerMessageHandler     : Stopping...
2026-07-28T09:42:57.517+03:00  INFO 20276 --- [backend-06-26] [SpringApplicationShutdownHook] o.s.m.s.b.SimpleBrokerMessageHandler     : BrokerAvailabilityEvent[available=false, SimpleBrokerMessageHandler [org.springframework.messaging.simp.broker.DefaultSubscriptionRegistry@8b24111]]
2026-07-28T09:42:57.517+03:00  INFO 20276 --- [backend-06-26] [SpringApplicationShutdownHook] o.s.m.s.b.SimpleBrokerMessageHandler     : Stopped.
2026-07-28T09:42:57.549+03:00  INFO 20276 --- [backend-06-26] [SpringApplicationShutdownHook] j.LocalContainerEntityManagerFactoryBean : Closing JPA EntityManagerFactory for persistence unit 'default'
2026-07-28T09:42:57.557+03:00  INFO 20276 --- [backend-06-26] [SpringApplicationShutdownHook] com.zaxxer.hikari.HikariDataSource       : HikariPool-1 - Shutdown initiated...
2026-07-28T09:42:59.331+03:00  INFO 20276 --- [backend-06-26] [SpringApplicationShutdownHook] com.zaxxer.hikari.HikariDataSource       : HikariPool-1 - Shutdown completed.
2026-07-28T09:43:09.769+03:00  INFO 37004 --- [backend-06-26] [main] e.n.backend0626.Backend0626Application   : Starting Backend0626Application using Java 21.0.11 with PID 37004 (C:\Users\keyen\Documents\GitHub\backend-06-26\target\classes started by keyen in C:\Users\keyen\Documents\GitHub\backend-06-26)
2026-07-28T09:43:09.776+03:00  INFO 37004 --- [backend-06-26] [main] e.n.backend0626.Backend0626Application   : The following 1 profile is active: "prod"
2026-07-28T09:43:11.711+03:00  INFO 37004 --- [backend-06-26] [main] .s.d.r.c.RepositoryConfigurationDelegate : Multiple Spring Data modules found, entering strict repository configuration mode
2026-07-28T09:43:11.714+03:00  INFO 37004 --- [backend-06-26] [main] .s.d.r.c.RepositoryConfigurationDelegate : Bootstrapping Spring Data JPA repositories in DEFAULT mode.
2026-07-28T09:43:11.939+03:00  INFO 37004 --- [backend-06-26] [main] .s.d.r.c.RepositoryConfigurationDelegate : Finished Spring Data repository scanning in 211 ms. Found 4 JPA repository interfaces.
2026-07-28T09:43:12.013+03:00  INFO 37004 --- [backend-06-26] [main] .s.d.r.c.RepositoryConfigurationDelegate : Multiple Spring Data modules found, entering strict repository configuration mode
2026-07-28T09:43:12.016+03:00  INFO 37004 --- [backend-06-26] [main] .s.d.r.c.RepositoryConfigurationDelegate : Bootstrapping Spring Data Redis repositories in DEFAULT mode.
2026-07-28T09:43:12.039+03:00  INFO 37004 --- [backend-06-26] [main] .RepositoryConfigurationExtensionSupport : Spring Data Redis - Could not safely identify store assignment for repository candidate interface ee.nikolas.backend0626.repository.CategoryRepository; If you want this repository to be a Redis repository, consider annotating your entities with one of these annotations: org.springframework.data.redis.core.RedisHash (preferred), or consider extending one of the following types with your repository: org.springframework.data.keyvalue.repository.KeyValueRepository
2026-07-28T09:43:12.041+03:00  INFO 37004 --- [backend-06-26] [main] .RepositoryConfigurationExtensionSupport : Spring Data Redis - Could not safely identify store assignment for repository candidate interface ee.nikolas.backend0626.repository.OrderRepository; If you want this repository to be a Redis repository, consider annotating your entities with one of these annotations: org.springframework.data.redis.core.RedisHash (preferred), or consider extending one of the following types with your repository: org.springframework.data.keyvalue.repository.KeyValueRepository
2026-07-28T09:43:12.041+03:00  INFO 37004 --- [backend-06-26] [main] .RepositoryConfigurationExtensionSupport : Spring Data Redis - Could not safely identify store assignment for repository candidate interface ee.nikolas.backend0626.repository.PersonRepository; If you want this repository to be a Redis repository, consider annotating your entities with one of these annotations: org.springframework.data.redis.core.RedisHash (preferred), or consider extending one of the following types with your repository: org.springframework.data.keyvalue.repository.KeyValueRepository
2026-07-28T09:43:12.042+03:00  INFO 37004 --- [backend-06-26] [main] .RepositoryConfigurationExtensionSupport : Spring Data Redis - Could not safely identify store assignment for repository candidate interface ee.nikolas.backend0626.repository.ProductRepository; If you want this repository to be a Redis repository, consider annotating your entities with one of these annotations: org.springframework.data.redis.core.RedisHash (preferred), or consider extending one of the following types with your repository: org.springframework.data.keyvalue.repository.KeyValueRepository
2026-07-28T09:43:12.042+03:00  INFO 37004 --- [backend-06-26] [main] .s.d.r.c.RepositoryConfigurationDelegate : Finished Spring Data repository scanning in 12 ms. Found 0 Redis repository interfaces.
2026-07-28T09:43:13.253+03:00  INFO 37004 --- [backend-06-26] [main] o.s.boot.tomcat.TomcatWebServer          : Tomcat initialized with port 8080 (http)
2026-07-28T09:43:13.276+03:00  INFO 37004 --- [backend-06-26] [main] o.apache.catalina.core.StandardService   : Starting service [Tomcat]
2026-07-28T09:43:13.279+03:00  INFO 37004 --- [backend-06-26] [main] o.apache.catalina.core.StandardEngine    : Starting Servlet engine: [Apache Tomcat/11.0.21]
2026-07-28T09:43:13.371+03:00  INFO 37004 --- [backend-06-26] [main] b.w.c.s.WebApplicationContextInitializer : Root WebApplicationContext: initialization completed in 3486 ms
2026-07-28T09:43:13.637+03:00  INFO 37004 --- [backend-06-26] [main] org.hibernate.orm.jpa                    : HHH008540: Processing PersistenceUnitInfo [name: default]
2026-07-28T09:43:13.714+03:00  INFO 37004 --- [backend-06-26] [main] org.hibernate.orm.core                   : HHH000001: Hibernate ORM core version 7.2.12.Final
2026-07-28T09:43:14.360+03:00  INFO 37004 --- [backend-06-26] [main] o.s.o.j.p.SpringPersistenceUnitInfo      : No LoadTimeWeaver setup: ignoring JPA class transformer
2026-07-28T09:43:14.395+03:00  INFO 37004 --- [backend-06-26] [main] com.zaxxer.hikari.HikariDataSource       : HikariPool-1 - Starting...
2026-07-28T09:43:16.454+03:00  INFO 37004 --- [backend-06-26] [main] com.zaxxer.hikari.pool.HikariPool        : HikariPool-1 - Added connection org.postgresql.jdbc.PgConnection@42c55978
2026-07-28T09:43:16.456+03:00  INFO 37004 --- [backend-06-26] [main] com.zaxxer.hikari.HikariDataSource       : HikariPool-1 - Start completed.
2026-07-28T09:43:17.750+03:00  INFO 37004 --- [backend-06-26] [main] org.hibernate.orm.connections.pooling    : HHH10001005: Database info:
	Database JDBC URL [jdbc:postgresql://dpg-d9bi856cjfls738edtug-a.oregon-postgres.render.com/veebipood0626]
	Database driver: PostgreSQL JDBC Driver
	Database dialect: PostgreSQLDialect
	Database version: 18.4
	Default catalog/schema: veebipood0626/public
	Autocommit mode: undefined/unknown
	Isolation level: READ_COMMITTED [default READ_COMMITTED]
	JDBC fetch size: none
	Pool: DataSourceConnectionProvider
	Minimum pool size: undefined/unknown
	Maximum pool size: undefined/unknown
2026-07-28T09:43:19.204+03:00  INFO 37004 --- [backend-06-26] [main] org.hibernate.orm.core                   : HHH000489: No JTA platform available (set 'hibernate.transaction.jta.platform' to enable JTA platform integration)
2026-07-28T09:43:20.893+03:00  INFO 37004 --- [backend-06-26] [main] j.LocalContainerEntityManagerFactoryBean : Initialized JPA EntityManagerFactory for persistence unit 'default'
2026-07-28T09:43:21.026+03:00  INFO 37004 --- [backend-06-26] [main] o.s.d.j.r.query.QueryEnhancerFactories   : Hibernate is in classpath; If applicable, HQL parser will be used.
2026-07-28T09:43:22.523+03:00  WARN 37004 --- [backend-06-26] [main] JpaBaseConfiguration$JpaWebConfiguration : spring.jpa.open-in-view is enabled by default. Therefore, database queries may be performed during view rendering. Explicitly configure spring.jpa.open-in-view to disable this warning
2026-07-28T09:43:22.754+03:00 DEBUG 37004 --- [backend-06-26] [main] swordEncoderAuthenticationManagerBuilder : No authenticationProviders and no parentAuthenticationManager defined. Returning null.
2026-07-28T09:43:23.227+03:00 DEBUG 37004 --- [backend-06-26] [main] o.s.s.web.DefaultSecurityFilterChain     : Will secure any request with filters: DisableEncodeUrlFilter, WebAsyncManagerIntegrationFilter, SecurityContextHolderFilter, HeaderWriterFilter, LogoutFilter, OAuth2ProtectedResourceMetadataFilter, BearerTokenAuthenticationFilter, AuthenticationFilter, RequestCacheAwareFilter, SecurityContextHolderAwareRequestFilter, AnonymousAuthenticationFilter, SessionManagementFilter, ExceptionTranslationFilter, AuthorizationFilter
2026-07-28T09:43:24.229+03:00  INFO 37004 --- [backend-06-26] [main] o.s.v.b.OptionalValidatorFactoryBean     : Failed to set up a Bean Validation provider: jakarta.validation.NoProviderFoundException: Unable to create a Configuration, because no Jakarta Validation provider could be found. Add a provider like Hibernate Validator (RI) to your classpath.
2026-07-28T09:43:24.392+03:00  INFO 37004 --- [backend-06-26] [main] o.s.b.w.a.WelcomePageHandlerMapping      : Adding welcome page: class path resource [static/index.html]
2026-07-28T09:43:25.640+03:00  INFO 37004 --- [backend-06-26] [main] o.s.m.s.b.SimpleBrokerMessageHandler     : Starting...
2026-07-28T09:43:25.641+03:00  INFO 37004 --- [backend-06-26] [main] o.s.m.s.b.SimpleBrokerMessageHandler     : BrokerAvailabilityEvent[available=true, SimpleBrokerMessageHandler [org.springframework.messaging.simp.broker.DefaultSubscriptionRegistry@752daa1f]]
2026-07-28T09:43:25.643+03:00  INFO 37004 --- [backend-06-26] [main] o.s.m.s.b.SimpleBrokerMessageHandler     : Started.
2026-07-28T09:43:25.667+03:00  INFO 37004 --- [backend-06-26] [main] o.s.boot.tomcat.TomcatWebServer          : Tomcat started on port 8080 (http) with context path '/'
2026-07-28T09:43:25.695+03:00  INFO 37004 --- [backend-06-26] [main] e.n.backend0626.Backend0626Application   : Started Backend0626Application in 16.951 seconds (process running for 18.726)
2026-07-28T09:43:30.604+03:00  INFO 37004 --- [backend-06-26] [http-nio-8080-exec-1] o.a.c.c.C.[Tomcat].[localhost].[/]       : Initializing Spring DispatcherServlet 'dispatcherServlet'
2026-07-28T09:43:30.605+03:00  INFO 37004 --- [backend-06-26] [http-nio-8080-exec-1] o.s.web.servlet.DispatcherServlet        : Initializing Servlet 'dispatcherServlet'
2026-07-28T09:43:30.611+03:00  INFO 37004 --- [backend-06-26] [http-nio-8080-exec-1] o.s.web.servlet.DispatcherServlet        : Completed initialization in 6 ms
2026-07-28T09:43:30.646+03:00 DEBUG 37004 --- [backend-06-26] [http-nio-8080-exec-1] o.s.security.web.FilterChainProxy        : Securing POST /upload
2026-07-28T09:43:30.967+03:00 DEBUG 37004 --- [backend-06-26] [http-nio-8080-exec-1] er$RestTemplateWithNimbusDefaultTimeouts : HTTP GET http://localhost:9090/realms/webshop-users/protocol/openid-connect/certs
2026-07-28T09:43:31.005+03:00 DEBUG 37004 --- [backend-06-26] [http-nio-8080-exec-1] er$RestTemplateWithNimbusDefaultTimeouts : Accept=[text/plain, application/json, application/yaml, application/*+json, */*]
2026-07-28T09:43:31.080+03:00 DEBUG 37004 --- [backend-06-26] [http-nio-8080-exec-1] er$RestTemplateWithNimbusDefaultTimeouts : Response 200 OK
2026-07-28T09:43:31.085+03:00 DEBUG 37004 --- [backend-06-26] [http-nio-8080-exec-1] er$RestTemplateWithNimbusDefaultTimeouts : Reading to [java.lang.String] as "application/json;charset=UTF-8"
2026-07-28T09:43:31.164+03:00 DEBUG 37004 --- [backend-06-26] [http-nio-8080-exec-1] o.s.s.oauth2.jwt.JwtTimestampValidator   : Jwt expired at 2026-07-28T06:41:06Z
2026-07-28T09:43:31.165+03:00 DEBUG 37004 --- [backend-06-26] [http-nio-8080-exec-1] o.s.s.o.s.r.a.JwtAuthenticationProvider  : Failed to authenticate since the JWT was invalid
2026-07-28T09:43:31.169+03:00 DEBUG 37004 --- [backend-06-26] [http-nio-8080-exec-1] o.s.s.authentication.ProviderManager     : Authentication failed with provider JwtAuthenticationProvider since An error occurred while attempting to decode the Jwt: Jwt expired at 2026-07-28T06:41:06Z
2026-07-28T09:43:50.237+03:00 DEBUG 37004 --- [backend-06-26] [http-nio-8080-exec-4] o.s.security.web.FilterChainProxy        : Securing POST /upload
2026-07-28T09:43:50.249+03:00 DEBUG 37004 --- [backend-06-26] [http-nio-8080-exec-4] o.s.s.o.s.r.a.JwtAuthenticationProvider  : Authenticated token
2026-07-28T09:43:50.252+03:00 DEBUG 37004 --- [backend-06-26] [http-nio-8080-exec-4] .s.r.w.a.BearerTokenAuthenticationFilter : Set SecurityContextHolder to JwtAuthenticationToken [Principal=org.springframework.security.oauth2.jwt.Jwt@a0847d35, Credentials=[PROTECTED], Authenticated=true, Details=WebAuthenticationDetails [RemoteIpAddress=0:0:0:0:0:0:0:1, SessionId=null], Granted Authorities=[SCOPE_email, ROLE_role_user, SCOPE_profile]]
2026-07-28T09:43:50.261+03:00 DEBUG 37004 --- [backend-06-26] [http-nio-8080-exec-4] o.s.security.web.FilterChainProxy        : Secured POST /upload
2026-07-28T09:43:50.573+03:00  INFO 37004 --- [backend-06-26] [http-nio-8080-exec-4] e.n.b.controller.FileUploadController    : efc930ec-ce2b-4a81-ae80-2571002490b3
2026-07-28T09:43:50.577+03:00  INFO 37004 --- [backend-06-26] [http-nio-8080-exec-4] e.n.b.controller.FileUploadController    : 1785221030577_Screenshot 2026-07-14 184843.png
2026-07-28T09:43:50.582+03:00  INFO 37004 --- [backend-06-26] [http-nio-8080-exec-4] e.n.b.controller.FileUploadController    : C:\Users\keyen\Documents\GitHub\backend-06-26\uploads\efc930ec-ce2b-4a81-ae80-2571002490b3
2026-07-28T09:43:50.585+03:00  INFO 37004 --- [backend-06-26] [http-nio-8080-exec-4] e.n.b.controller.FileUploadController    : C:\Users\keyen\Documents\GitHub\backend-06-26\uploads\efc930ec-ce2b-4a81-ae80-2571002490b3\1785221030577_Screenshot 2026-07-14 184843.png
2026-07-28T09:44:25.627+03:00  INFO 37004 --- [backend-06-26] [MessageBroker-1] o.s.w.s.c.WebSocketMessageBrokerStats    : WebSocketSession[0 current WS(0)-HttpStream(0)-HttpPoll(0), 0 total, 0 closed abnormally (0 connect failure, 0 send limit, 0 transport error)], stompSubProtocol[processed CONNECT(0)-CONNECTED(0)-DISCONNECT(0)], stompBrokerRelay[null], inboundChannel[pool size = 0, active threads = 0, queued tasks = 0, completed tasks = 0], outboundChannel[pool size = 0, active threads = 0, queued tasks = 0, completed tasks = 0], sockJsScheduler[pool size = 3, active threads = 1, queued tasks = 2, completed tasks = 0]
2026-07-28T09:47:17.960+03:00 DEBUG 37004 --- [backend-06-26] [http-nio-8080-exec-8] o.s.security.web.FilterChainProxy        : Securing POST /upload
2026-07-28T09:47:17.965+03:00 DEBUG 37004 --- [backend-06-26] [http-nio-8080-exec-8] o.s.s.o.s.r.a.JwtAuthenticationProvider  : Authenticated token
2026-07-28T09:47:17.965+03:00 DEBUG 37004 --- [backend-06-26] [http-nio-8080-exec-8] .s.r.w.a.BearerTokenAuthenticationFilter : Set SecurityContextHolder to JwtAuthenticationToken [Principal=org.springframework.security.oauth2.jwt.Jwt@a0847d35, Credentials=[PROTECTED], Authenticated=true, Details=WebAuthenticationDetails [RemoteIpAddress=0:0:0:0:0:0:0:1, SessionId=null], Granted Authorities=[SCOPE_email, ROLE_role_user, SCOPE_profile]]
2026-07-28T09:47:17.967+03:00 DEBUG 37004 --- [backend-06-26] [http-nio-8080-exec-8] o.s.security.web.FilterChainProxy        : Secured POST /upload
2026-07-28T10:00:13.694+03:00  INFO 37004 --- [backend-06-26] [SpringApplicationShutdownHook] o.s.boot.tomcat.GracefulShutdown         : Commencing graceful shutdown. Waiting for active requests to complete
2026-07-28T10:00:13.723+03:00  INFO 37004 --- [backend-06-26] [tomcat-shutdown] o.s.boot.tomcat.GracefulShutdown         : Graceful shutdown complete
2026-07-28T10:00:13.727+03:00  INFO 37004 --- [backend-06-26] [SpringApplicationShutdownHook] o.s.m.s.b.SimpleBrokerMessageHandler     : Stopping...
2026-07-28T10:00:13.728+03:00  INFO 37004 --- [backend-06-26] [SpringApplicationShutdownHook] o.s.m.s.b.SimpleBrokerMessageHandler     : BrokerAvailabilityEvent[available=false, SimpleBrokerMessageHandler [org.springframework.messaging.simp.broker.DefaultSubscriptionRegistry@752daa1f]]
2026-07-28T10:00:13.728+03:00  INFO 37004 --- [backend-06-26] [SpringApplicationShutdownHook] o.s.m.s.b.SimpleBrokerMessageHandler     : Stopped.
2026-07-28T10:00:13.770+03:00  INFO 37004 --- [backend-06-26] [SpringApplicationShutdownHook] j.LocalContainerEntityManagerFactoryBean : Closing JPA EntityManagerFactory for persistence unit 'default'
2026-07-28T10:00:13.773+03:00  INFO 37004 --- [backend-06-26] [SpringApplicationShutdownHook] com.zaxxer.hikari.HikariDataSource       : HikariPool-1 - Shutdown initiated...
2026-07-28T10:00:15.509+03:00  INFO 37004 --- [backend-06-26] [SpringApplicationShutdownHook] com.zaxxer.hikari.HikariDataSource       : HikariPool-1 - Shutdown completed.
2026-07-28T10:00:29.361+03:00  INFO 31132 --- [backend-06-26] [main] e.n.backend0626.Backend0626Application   : Starting Backend0626Application using Java 21.0.11 with PID 31132 (C:\Users\keyen\Documents\GitHub\backend-06-26\target\classes started by keyen in C:\Users\keyen\Documents\GitHub\backend-06-26)
2026-07-28T10:00:29.370+03:00  INFO 31132 --- [backend-06-26] [main] e.n.backend0626.Backend0626Application   : The following 1 profile is active: "prod"
2026-07-28T10:00:31.745+03:00  INFO 31132 --- [backend-06-26] [main] .s.d.r.c.RepositoryConfigurationDelegate : Multiple Spring Data modules found, entering strict repository configuration mode
2026-07-28T10:00:31.751+03:00  INFO 31132 --- [backend-06-26] [main] .s.d.r.c.RepositoryConfigurationDelegate : Bootstrapping Spring Data JPA repositories in DEFAULT mode.
2026-07-28T10:00:32.050+03:00  INFO 31132 --- [backend-06-26] [main] .s.d.r.c.RepositoryConfigurationDelegate : Finished Spring Data repository scanning in 279 ms. Found 4 JPA repository interfaces.
2026-07-28T10:00:32.143+03:00  INFO 31132 --- [backend-06-26] [main] .s.d.r.c.RepositoryConfigurationDelegate : Multiple Spring Data modules found, entering strict repository configuration mode
2026-07-28T10:00:32.146+03:00  INFO 31132 --- [backend-06-26] [main] .s.d.r.c.RepositoryConfigurationDelegate : Bootstrapping Spring Data Redis repositories in DEFAULT mode.
2026-07-28T10:00:32.173+03:00  INFO 31132 --- [backend-06-26] [main] .RepositoryConfigurationExtensionSupport : Spring Data Redis - Could not safely identify store assignment for repository candidate interface ee.nikolas.backend0626.repository.CategoryRepository; If you want this repository to be a Redis repository, consider annotating your entities with one of these annotations: org.springframework.data.redis.core.RedisHash (preferred), or consider extending one of the following types with your repository: org.springframework.data.keyvalue.repository.KeyValueRepository
2026-07-28T10:00:32.177+03:00  INFO 31132 --- [backend-06-26] [main] .RepositoryConfigurationExtensionSupport : Spring Data Redis - Could not safely identify store assignment for repository candidate interface ee.nikolas.backend0626.repository.OrderRepository; If you want this repository to be a Redis repository, consider annotating your entities with one of these annotations: org.springframework.data.redis.core.RedisHash (preferred), or consider extending one of the following types with your repository: org.springframework.data.keyvalue.repository.KeyValueRepository
2026-07-28T10:00:32.178+03:00  INFO 31132 --- [backend-06-26] [main] .RepositoryConfigurationExtensionSupport : Spring Data Redis - Could not safely identify store assignment for repository candidate interface ee.nikolas.backend0626.repository.PersonRepository; If you want this repository to be a Redis repository, consider annotating your entities with one of these annotations: org.springframework.data.redis.core.RedisHash (preferred), or consider extending one of the following types with your repository: org.springframework.data.keyvalue.repository.KeyValueRepository
2026-07-28T10:00:32.178+03:00  INFO 31132 --- [backend-06-26] [main] .RepositoryConfigurationExtensionSupport : Spring Data Redis - Could not safely identify store assignment for repository candidate interface ee.nikolas.backend0626.repository.ProductRepository; If you want this repository to be a Redis repository, consider annotating your entities with one of these annotations: org.springframework.data.redis.core.RedisHash (preferred), or consider extending one of the following types with your repository: org.springframework.data.keyvalue.repository.KeyValueRepository
2026-07-28T10:00:32.179+03:00  INFO 31132 --- [backend-06-26] [main] .s.d.r.c.RepositoryConfigurationDelegate : Finished Spring Data repository scanning in 16 ms. Found 0 Redis repository interfaces.
2026-07-28T10:00:34.009+03:00  INFO 31132 --- [backend-06-26] [main] o.s.boot.tomcat.TomcatWebServer          : Tomcat initialized with port 8080 (http)
2026-07-28T10:00:34.046+03:00  INFO 31132 --- [backend-06-26] [main] o.apache.catalina.core.StandardService   : Starting service [Tomcat]
2026-07-28T10:00:34.047+03:00  INFO 31132 --- [backend-06-26] [main] o.apache.catalina.core.StandardEngine    : Starting Servlet engine: [Apache Tomcat/11.0.21]
2026-07-28T10:00:34.217+03:00  INFO 31132 --- [backend-06-26] [main] b.w.c.s.WebApplicationContextInitializer : Root WebApplicationContext: initialization completed in 4703 ms
2026-07-28T10:00:34.834+03:00  INFO 31132 --- [backend-06-26] [main] org.hibernate.orm.jpa                    : HHH008540: Processing PersistenceUnitInfo [name: default]
2026-07-28T10:00:34.967+03:00  INFO 31132 --- [backend-06-26] [main] org.hibernate.orm.core                   : HHH000001: Hibernate ORM core version 7.2.12.Final
2026-07-28T10:00:36.377+03:00  INFO 31132 --- [backend-06-26] [main] o.s.o.j.p.SpringPersistenceUnitInfo      : No LoadTimeWeaver setup: ignoring JPA class transformer
2026-07-28T10:00:36.474+03:00  INFO 31132 --- [backend-06-26] [main] com.zaxxer.hikari.HikariDataSource       : HikariPool-1 - Starting...
2026-07-28T10:00:38.704+03:00  INFO 31132 --- [backend-06-26] [main] com.zaxxer.hikari.pool.HikariPool        : HikariPool-1 - Added connection org.postgresql.jdbc.PgConnection@56e78538
2026-07-28T10:00:38.709+03:00  INFO 31132 --- [backend-06-26] [main] com.zaxxer.hikari.HikariDataSource       : HikariPool-1 - Start completed.
2026-07-28T10:00:40.060+03:00  INFO 31132 --- [backend-06-26] [main] org.hibernate.orm.connections.pooling    : HHH10001005: Database info:
	Database JDBC URL [jdbc:postgresql://dpg-d9bi856cjfls738edtug-a.oregon-postgres.render.com/veebipood0626]
	Database driver: PostgreSQL JDBC Driver
	Database dialect: PostgreSQLDialect
	Database version: 18.4
	Default catalog/schema: veebipood0626/public
	Autocommit mode: undefined/unknown
	Isolation level: READ_COMMITTED [default READ_COMMITTED]
	JDBC fetch size: none
	Pool: DataSourceConnectionProvider
	Minimum pool size: undefined/unknown
	Maximum pool size: undefined/unknown
2026-07-28T10:00:42.575+03:00  INFO 31132 --- [backend-06-26] [main] org.hibernate.orm.core                   : HHH000489: No JTA platform available (set 'hibernate.transaction.jta.platform' to enable JTA platform integration)
2026-07-28T10:00:44.378+03:00  INFO 31132 --- [backend-06-26] [main] j.LocalContainerEntityManagerFactoryBean : Initialized JPA EntityManagerFactory for persistence unit 'default'
2026-07-28T10:00:44.577+03:00  INFO 31132 --- [backend-06-26] [main] o.s.d.j.r.query.QueryEnhancerFactories   : Hibernate is in classpath; If applicable, HQL parser will be used.
2026-07-28T10:00:46.151+03:00  WARN 31132 --- [backend-06-26] [main] JpaBaseConfiguration$JpaWebConfiguration : spring.jpa.open-in-view is enabled by default. Therefore, database queries may be performed during view rendering. Explicitly configure spring.jpa.open-in-view to disable this warning
2026-07-28T10:00:46.372+03:00 DEBUG 31132 --- [backend-06-26] [main] swordEncoderAuthenticationManagerBuilder : No authenticationProviders and no parentAuthenticationManager defined. Returning null.
2026-07-28T10:00:46.939+03:00 DEBUG 31132 --- [backend-06-26] [main] o.s.s.web.DefaultSecurityFilterChain     : Will secure any request with filters: DisableEncodeUrlFilter, WebAsyncManagerIntegrationFilter, SecurityContextHolderFilter, HeaderWriterFilter, LogoutFilter, OAuth2ProtectedResourceMetadataFilter, BearerTokenAuthenticationFilter, AuthenticationFilter, RequestCacheAwareFilter, SecurityContextHolderAwareRequestFilter, AnonymousAuthenticationFilter, SessionManagementFilter, ExceptionTranslationFilter, AuthorizationFilter
2026-07-28T10:00:48.114+03:00  INFO 31132 --- [backend-06-26] [main] o.s.v.b.OptionalValidatorFactoryBean     : Failed to set up a Bean Validation provider: jakarta.validation.NoProviderFoundException: Unable to create a Configuration, because no Jakarta Validation provider could be found. Add a provider like Hibernate Validator (RI) to your classpath.
2026-07-28T10:00:48.383+03:00  INFO 31132 --- [backend-06-26] [main] o.s.b.w.a.WelcomePageHandlerMapping      : Adding welcome page: class path resource [static/index.html]
2026-07-28T10:00:50.026+03:00  INFO 31132 --- [backend-06-26] [main] o.s.m.s.b.SimpleBrokerMessageHandler     : Starting...
2026-07-28T10:00:50.028+03:00  INFO 31132 --- [backend-06-26] [main] o.s.m.s.b.SimpleBrokerMessageHandler     : BrokerAvailabilityEvent[available=true, SimpleBrokerMessageHandler [org.springframework.messaging.simp.broker.DefaultSubscriptionRegistry@27ebe541]]
2026-07-28T10:00:50.029+03:00  INFO 31132 --- [backend-06-26] [main] o.s.m.s.b.SimpleBrokerMessageHandler     : Started.
2026-07-28T10:00:50.060+03:00  INFO 31132 --- [backend-06-26] [main] o.s.boot.tomcat.TomcatWebServer          : Tomcat started on port 8080 (http) with context path '/'
2026-07-28T10:00:50.101+03:00  INFO 31132 --- [backend-06-26] [main] e.n.backend0626.Backend0626Application   : Started Backend0626Application in 21.972 seconds (process running for 24.22)
2026-07-28T10:01:50.000+03:00  INFO 31132 --- [backend-06-26] [MessageBroker-1] o.s.w.s.c.WebSocketMessageBrokerStats    : WebSocketSession[0 current WS(0)-HttpStream(0)-HttpPoll(0), 0 total, 0 closed abnormally (0 connect failure, 0 send limit, 0 transport error)], stompSubProtocol[processed CONNECT(0)-CONNECTED(0)-DISCONNECT(0)], stompBrokerRelay[null], inboundChannel[pool size = 0, active threads = 0, queued tasks = 0, completed tasks = 0], outboundChannel[pool size = 0, active threads = 0, queued tasks = 0, completed tasks = 0], sockJsScheduler[pool size = 3, active threads = 1, queued tasks = 2, completed tasks = 0]
2026-07-28T10:01:52.450+03:00  INFO 31132 --- [backend-06-26] [http-nio-8080-exec-2] o.a.c.c.C.[Tomcat].[localhost].[/]       : Initializing Spring DispatcherServlet 'dispatcherServlet'
2026-07-28T10:01:52.451+03:00  INFO 31132 --- [backend-06-26] [http-nio-8080-exec-2] o.s.web.servlet.DispatcherServlet        : Initializing Servlet 'dispatcherServlet'
2026-07-28T10:01:52.456+03:00  INFO 31132 --- [backend-06-26] [http-nio-8080-exec-2] o.s.web.servlet.DispatcherServlet        : Completed initialization in 5 ms
2026-07-28T10:01:52.478+03:00 DEBUG 31132 --- [backend-06-26] [http-nio-8080-exec-2] o.s.security.web.FilterChainProxy        : Securing GET /download/1785220577792_CVE-2023-4863.pdf
2026-07-28T10:01:52.771+03:00 DEBUG 31132 --- [backend-06-26] [http-nio-8080-exec-2] er$RestTemplateWithNimbusDefaultTimeouts : HTTP GET http://localhost:9090/realms/webshop-users/protocol/openid-connect/certs
2026-07-28T10:01:52.801+03:00 DEBUG 31132 --- [backend-06-26] [http-nio-8080-exec-2] er$RestTemplateWithNimbusDefaultTimeouts : Accept=[text/plain, application/json, application/yaml, application/*+json, */*]
2026-07-28T10:01:52.858+03:00 DEBUG 31132 --- [backend-06-26] [http-nio-8080-exec-2] er$RestTemplateWithNimbusDefaultTimeouts : Response 200 OK
2026-07-28T10:01:52.861+03:00 DEBUG 31132 --- [backend-06-26] [http-nio-8080-exec-2] er$RestTemplateWithNimbusDefaultTimeouts : Reading to [java.lang.String] as "application/json;charset=UTF-8"
2026-07-28T10:01:52.937+03:00 DEBUG 31132 --- [backend-06-26] [http-nio-8080-exec-2] o.s.s.o.s.r.a.JwtAuthenticationProvider  : Authenticated token
2026-07-28T10:01:52.943+03:00 DEBUG 31132 --- [backend-06-26] [http-nio-8080-exec-2] .s.r.w.a.BearerTokenAuthenticationFilter : Set SecurityContextHolder to JwtAuthenticationToken [Principal=org.springframework.security.oauth2.jwt.Jwt@8da0b00, Credentials=[PROTECTED], Authenticated=true, Details=WebAuthenticationDetails [RemoteIpAddress=0:0:0:0:0:0:0:1, SessionId=null], Granted Authorities=[SCOPE_email, ROLE_role_user, SCOPE_profile]]
2026-07-28T10:01:52.952+03:00 DEBUG 31132 --- [backend-06-26] [http-nio-8080-exec-2] o.s.security.web.FilterChainProxy        : Secured GET /download/1785220577792_CVE-2023-4863.pdf
2026-07-28T10:01:53.281+03:00 ERROR 31132 --- [backend-06-26] [http-nio-8080-exec-2] o.a.c.c.C.[.[.[/].[dispatcherServlet]    : Servlet.service() for servlet [dispatcherServlet] in context with path [] threw exception

java.io.FileNotFoundException: URL [file:///C:/Users/keyen/Documents/GitHub/backend-06-26/uploads/1785220577792_CVE-2023-4863.pdf] cannot be resolved in the file system for checking its content length
	at org.springframework.core.io.AbstractFileResolvingResource.contentLength(AbstractFileResolvingResource.java:292) ~[spring-core-7.0.7.jar:7.0.7]
	at org.springframework.http.converter.ResourceHttpMessageConverter.getContentLength(ResourceHttpMessageConverter.java:139) ~[spring-web-7.0.7.jar:7.0.7]
	at org.springframework.http.converter.ResourceHttpMessageConverter.getContentLength(ResourceHttpMessageConverter.java:47) ~[spring-web-7.0.7.jar:7.0.7]
	at org.springframework.http.converter.AbstractHttpMessageConverter.addDefaultHeaders(AbstractHttpMessageConverter.java:266) ~[spring-web-7.0.7.jar:7.0.7]
	at org.springframework.http.converter.AbstractHttpMessageConverter.write(AbstractHttpMessageConverter.java:208) ~[spring-web-7.0.7.jar:7.0.7]
	at org.springframework.web.servlet.mvc.method.annotation.AbstractMessageConverterMethodProcessor.writeWithMessageConverters(AbstractMessageConverterMethodProcessor.java:340) ~[spring-webmvc-7.0.7.jar:7.0.7]
	at org.springframework.web.servlet.mvc.method.annotation.HttpEntityMethodProcessor.handleReturnValue(HttpEntityMethodProcessor.java:261) ~[spring-webmvc-7.0.7.jar:7.0.7]
	at org.springframework.web.servlet.mvc.method.annotation.ResponseEntityReturnValueHandler.handleReturnValue(ResponseEntityReturnValueHandler.java:80) ~[spring-webmvc-7.0.7.jar:7.0.7]
	at org.springframework.web.method.support.HandlerMethodReturnValueHandlerComposite.handleReturnValue(HandlerMethodReturnValueHandlerComposite.java:77) ~[spring-web-7.0.7.jar:7.0.7]
	at org.springframework.web.servlet.mvc.method.annotation.ServletInvocableHandlerMethod.invokeAndHandle(ServletInvocableHandlerMethod.java:135) ~[spring-webmvc-7.0.7.jar:7.0.7]
	at org.springframework.web.servlet.mvc.method.annotation.RequestMappingHandlerAdapter.invokeHandlerMethod(RequestMappingHandlerAdapter.java:934) ~[spring-webmvc-7.0.7.jar:7.0.7]
	at org.springframework.web.servlet.mvc.method.annotation.RequestMappingHandlerAdapter.handleInternal(RequestMappingHandlerAdapter.java:853) ~[spring-webmvc-7.0.7.jar:7.0.7]
	at org.springframework.web.servlet.mvc.method.AbstractHandlerMethodAdapter.handle(AbstractHandlerMethodAdapter.java:86) ~[spring-webmvc-7.0.7.jar:7.0.7]
	at org.springframework.web.servlet.DispatcherServlet.doDispatch(DispatcherServlet.java:963) ~[spring-webmvc-7.0.7.jar:7.0.7]
	at org.springframework.web.servlet.DispatcherServlet.doService(DispatcherServlet.java:866) ~[spring-webmvc-7.0.7.jar:7.0.7]
	at org.springframework.web.servlet.FrameworkServlet.processRequest(FrameworkServlet.java:1000) ~[spring-webmvc-7.0.7.jar:7.0.7]
	at org.springframework.web.servlet.FrameworkServlet.doGet(FrameworkServlet.java:892) ~[spring-webmvc-7.0.7.jar:7.0.7]
	at jakarta.servlet.http.HttpServlet.service(HttpServlet.java:633) ~[jakarta.servlet-api-6.1.0.jar:6.1.0]
	at org.springframework.web.servlet.FrameworkServlet.service(FrameworkServlet.java:874) ~[spring-webmvc-7.0.7.jar:7.0.7]
	at jakarta.servlet.http.HttpServlet.service(HttpServlet.java:723) ~[jakarta.servlet-api-6.1.0.jar:6.1.0]
	at org.apache.catalina.core.ApplicationFilterChain.doFilter(ApplicationFilterChain.java:128) ~[tomcat-embed-core-11.0.21.jar:11.0.21]
	at org.apache.tomcat.websocket.server.WsFilter.doFilter(WsFilter.java:53) ~[tomcat-embed-websocket-11.0.21.jar:11.0.21]
	at org.apache.catalina.core.ApplicationFilterChain.doFilter(ApplicationFilterChain.java:107) ~[tomcat-embed-core-11.0.21.jar:11.0.21]
	at org.springframework.web.filter.CompositeFilter$VirtualFilterChain.doFilter(CompositeFilter.java:108) ~[spring-web-7.0.7.jar:7.0.7]
	at org.springframework.security.web.FilterChainProxy.lambda$doFilterInternal$3(FilterChainProxy.java:235) ~[spring-security-web-7.0.5.jar:7.0.5]
	at org.springframework.security.web.FilterChainProxy$VirtualFilterChain.doFilter(FilterChainProxy.java:376) ~[spring-security-web-7.0.5.jar:7.0.5]
	at org.springframework.security.web.access.intercept.AuthorizationFilter.doFilter(AuthorizationFilter.java:101) ~[spring-security-web-7.0.5.jar:7.0.5]
	at org.springframework.security.web.FilterChainProxy$VirtualFilterChain.doFilter(FilterChainProxy.java:385) ~[spring-security-web-7.0.5.jar:7.0.5]
	at org.springframework.security.web.access.ExceptionTranslationFilter.doFilter(ExceptionTranslationFilter.java:126) ~[spring-security-web-7.0.5.jar:7.0.5]
	at org.springframework.security.web.access.ExceptionTranslationFilter.doFilter(ExceptionTranslationFilter.java:120) ~[spring-security-web-7.0.5.jar:7.0.5]
	at org.springframework.security.web.FilterChainProxy$VirtualFilterChain.doFilter(FilterChainProxy.java:385) ~[spring-security-web-7.0.5.jar:7.0.5]
	at org.springframework.security.web.session.SessionManagementFilter.doFilter(SessionManagementFilter.java:132) ~[spring-security-web-7.0.5.jar:7.0.5]
	at org.springframework.security.web.session.SessionManagementFilter.doFilter(SessionManagementFilter.java:86) ~[spring-security-web-7.0.5.jar:7.0.5]
	at org.springframework.security.web.FilterChainProxy$VirtualFilterChain.doFilter(FilterChainProxy.java:385) ~[spring-security-web-7.0.5.jar:7.0.5]
	at org.springframework.security.web.authentication.AnonymousAuthenticationFilter.doFilter(AnonymousAuthenticationFilter.java:100) ~[spring-security-web-7.0.5.jar:7.0.5]
	at org.springframework.security.web.FilterChainProxy$VirtualFilterChain.doFilter(FilterChainProxy.java:385) ~[spring-security-web-7.0.5.jar:7.0.5]
	at org.springframework.security.web.servletapi.SecurityContextHolderAwareRequestFilter.doFilter(SecurityContextHolderAwareRequestFilter.java:181) ~[spring-security-web-7.0.5.jar:7.0.5]
	at org.springframework.security.web.FilterChainProxy$VirtualFilterChain.doFilter(FilterChainProxy.java:385) ~[spring-security-web-7.0.5.jar:7.0.5]
	at org.springframework.security.web.savedrequest.RequestCacheAwareFilter.doFilter(RequestCacheAwareFilter.java:63) ~[spring-security-web-7.0.5.jar:7.0.5]
	at org.springframework.security.web.FilterChainProxy$VirtualFilterChain.doFilter(FilterChainProxy.java:385) ~[spring-security-web-7.0.5.jar:7.0.5]
	at org.springframework.security.web.authentication.AuthenticationFilter.doFilterInternal(AuthenticationFilter.java:194) ~[spring-security-web-7.0.5.jar:7.0.5]
	at org.springframework.web.filter.OncePerRequestFilter.doFilter(OncePerRequestFilter.java:116) ~[spring-web-7.0.7.jar:7.0.7]
	at org.springframework.security.web.FilterChainProxy$VirtualFilterChain.doFilter(FilterChainProxy.java:385) ~[spring-security-web-7.0.5.jar:7.0.5]
	at org.springframework.security.oauth2.server.resource.web.authentication.BearerTokenAuthenticationFilter.doFilterInternal(BearerTokenAuthenticationFilter.java:207) ~[spring-security-oauth2-resource-server-7.0.5.jar:7.0.5]
	at org.springframework.web.filter.OncePerRequestFilter.doFilter(OncePerRequestFilter.java:116) ~[spring-web-7.0.7.jar:7.0.7]
	at org.springframework.security.web.FilterChainProxy$VirtualFilterChain.doFilter(FilterChainProxy.java:385) ~[spring-security-web-7.0.5.jar:7.0.5]
	at org.springframework.security.oauth2.server.resource.web.OAuth2ProtectedResourceMetadataFilter.doFilterInternal(OAuth2ProtectedResourceMetadataFilter.java:97) ~[spring-security-oauth2-resource-server-7.0.5.jar:7.0.5]
	at org.springframework.web.filter.OncePerRequestFilter.doFilter(OncePerRequestFilter.java:116) ~[spring-web-7.0.7.jar:7.0.7]
	at org.springframework.security.web.FilterChainProxy$VirtualFilterChain.doFilter(FilterChainProxy.java:385) ~[spring-security-web-7.0.5.jar:7.0.5]
	at org.springframework.security.web.authentication.logout.LogoutFilter.doFilter(LogoutFilter.java:110) ~[spring-security-web-7.0.5.jar:7.0.5]
	at org.springframework.security.web.authentication.logout.LogoutFilter.doFilter(LogoutFilter.java:96) ~[spring-security-web-7.0.5.jar:7.0.5]
	at org.springframework.security.web.FilterChainProxy$VirtualFilterChain.doFilter(FilterChainProxy.java:385) ~[spring-security-web-7.0.5.jar:7.0.5]
	at org.springframework.security.web.header.HeaderWriterFilter.doHeadersAfter(HeaderWriterFilter.java:90) ~[spring-security-web-7.0.5.jar:7.0.5]
	at org.springframework.security.web.header.HeaderWriterFilter.doFilterInternal(HeaderWriterFilter.java:75) ~[spring-security-web-7.0.5.jar:7.0.5]
	at org.springframework.web.filter.OncePerRequestFilter.doFilter(OncePerRequestFilter.java:116) ~[spring-web-7.0.7.jar:7.0.7]
	at org.springframework.security.web.FilterChainProxy$VirtualFilterChain.doFilter(FilterChainProxy.java:385) ~[spring-security-web-7.0.5.jar:7.0.5]
	at org.springframework.security.web.context.SecurityContextHolderFilter.doFilter(SecurityContextHolderFilter.java:82) ~[spring-security-web-7.0.5.jar:7.0.5]
	at org.springframework.security.web.context.SecurityContextHolderFilter.doFilter(SecurityContextHolderFilter.java:69) ~[spring-security-web-7.0.5.jar:7.0.5]
	at org.springframework.security.web.FilterChainProxy$VirtualFilterChain.doFilter(FilterChainProxy.java:385) ~[spring-security-web-7.0.5.jar:7.0.5]
	at org.springframework.security.web.context.request.async.WebAsyncManagerIntegrationFilter.doFilterInternal(WebAsyncManagerIntegrationFilter.java:62) ~[spring-security-web-7.0.5.jar:7.0.5]
	at org.springframework.web.filter.OncePerRequestFilter.doFilter(OncePerRequestFilter.java:116) ~[spring-web-7.0.7.jar:7.0.7]
	at org.springframework.security.web.FilterChainProxy$VirtualFilterChain.doFilter(FilterChainProxy.java:385) ~[spring-security-web-7.0.5.jar:7.0.5]
	at org.springframework.security.web.session.DisableEncodeUrlFilter.doFilterInternal(DisableEncodeUrlFilter.java:42) ~[spring-security-web-7.0.5.jar:7.0.5]
	at org.springframework.web.filter.OncePerRequestFilter.doFilter(OncePerRequestFilter.java:116) ~[spring-web-7.0.7.jar:7.0.7]
	at org.springframework.security.web.FilterChainProxy$VirtualFilterChain.doFilter(FilterChainProxy.java:385) ~[spring-security-web-7.0.5.jar:7.0.5]
	at org.springframework.security.web.FilterChainProxy.doFilterInternal(FilterChainProxy.java:237) ~[spring-security-web-7.0.5.jar:7.0.5]
	at org.springframework.security.web.FilterChainProxy.doFilter(FilterChainProxy.java:195) ~[spring-security-web-7.0.5.jar:7.0.5]
	at org.springframework.web.filter.CompositeFilter$VirtualFilterChain.doFilter(CompositeFilter.java:113) ~[spring-web-7.0.7.jar:7.0.7]
	at org.springframework.web.filter.ServletRequestPathFilter.doFilter(ServletRequestPathFilter.java:52) ~[spring-web-7.0.7.jar:7.0.7]
	at org.springframework.web.filter.CompositeFilter$VirtualFilterChain.doFilter(CompositeFilter.java:113) ~[spring-web-7.0.7.jar:7.0.7]
	at org.springframework.web.filter.CompositeFilter.doFilter(CompositeFilter.java:74) ~[spring-web-7.0.7.jar:7.0.7]
	at org.springframework.security.config.annotation.web.configuration.WebSecurityConfiguration$CompositeFilterChainProxy.doFilter(WebSecurityConfiguration.java:317) ~[spring-security-config-7.0.5.jar:7.0.5]
	at org.springframework.web.filter.DelegatingFilterProxy.invokeDelegate(DelegatingFilterProxy.java:355) ~[spring-web-7.0.7.jar:7.0.7]
	at org.springframework.web.filter.DelegatingFilterProxy.doFilter(DelegatingFilterProxy.java:272) ~[spring-web-7.0.7.jar:7.0.7]
	at org.apache.catalina.core.ApplicationFilterChain.doFilter(ApplicationFilterChain.java:107) ~[tomcat-embed-core-11.0.21.jar:11.0.21]
	at org.springframework.web.filter.RequestContextFilter.doFilterInternal(RequestContextFilter.java:100) ~[spring-web-7.0.7.jar:7.0.7]
	at org.springframework.web.filter.OncePerRequestFilter.doFilter(OncePerRequestFilter.java:116) ~[spring-web-7.0.7.jar:7.0.7]
	at org.apache.catalina.core.ApplicationFilterChain.doFilter(ApplicationFilterChain.java:107) ~[tomcat-embed-core-11.0.21.jar:11.0.21]
	at org.springframework.web.filter.FormContentFilter.doFilterInternal(FormContentFilter.java:93) ~[spring-web-7.0.7.jar:7.0.7]
	at org.springframework.web.filter.OncePerRequestFilter.doFilter(OncePerRequestFilter.java:116) ~[spring-web-7.0.7.jar:7.0.7]
	at org.apache.catalina.core.ApplicationFilterChain.doFilter(ApplicationFilterChain.java:107) ~[tomcat-embed-core-11.0.21.jar:11.0.21]
	at org.springframework.web.filter.CharacterEncodingFilter.doFilterInternal(CharacterEncodingFilter.java:199) ~[spring-web-7.0.7.jar:7.0.7]
	at org.springframework.web.filter.OncePerRequestFilter.doFilter(OncePerRequestFilter.java:116) ~[spring-web-7.0.7.jar:7.0.7]
	at org.apache.catalina.core.ApplicationFilterChain.doFilter(ApplicationFilterChain.java:107) ~[tomcat-embed-core-11.0.21.jar:11.0.21]
	at org.apache.catalina.core.StandardWrapperValve.invoke(StandardWrapperValve.java:165) ~[tomcat-embed-core-11.0.21.jar:11.0.21]
	at org.apache.catalina.core.StandardContextValve.invoke(StandardContextValve.java:77) ~[tomcat-embed-core-11.0.21.jar:11.0.21]
	at org.apache.catalina.authenticator.AuthenticatorBase.invoke(AuthenticatorBase.java:492) ~[tomcat-embed-core-11.0.21.jar:11.0.21]
	at org.apache.catalina.core.StandardHostValve.invoke(StandardHostValve.java:113) ~[tomcat-embed-core-11.0.21.jar:11.0.21]
	at org.apache.catalina.valves.ErrorReportValve.invoke(ErrorReportValve.java:83) ~[tomcat-embed-core-11.0.21.jar:11.0.21]
	at org.apache.catalina.core.StandardEngineValve.invoke(StandardEngineValve.java:72) ~[tomcat-embed-core-11.0.21.jar:11.0.21]
	at org.apache.catalina.connector.CoyoteAdapter.service(CoyoteAdapter.java:341) ~[tomcat-embed-core-11.0.21.jar:11.0.21]
	at org.apache.coyote.http11.Http11Processor.service(Http11Processor.java:397) ~[tomcat-embed-core-11.0.21.jar:11.0.21]
	at org.apache.coyote.AbstractProcessorLight.process(AbstractProcessorLight.java:63) ~[tomcat-embed-core-11.0.21.jar:11.0.21]
	at org.apache.coyote.AbstractProtocol$ConnectionHandler.process(AbstractProtocol.java:903) ~[tomcat-embed-core-11.0.21.jar:11.0.21]
	at org.apache.tomcat.util.net.NioEndpoint$SocketProcessor.doRun(NioEndpoint.java:1801) ~[tomcat-embed-core-11.0.21.jar:11.0.21]
	at org.apache.tomcat.util.net.SocketProcessorBase.run(SocketProcessorBase.java:52) ~[tomcat-embed-core-11.0.21.jar:11.0.21]
	at org.apache.tomcat.util.threads.ThreadPoolExecutor.runWorker(ThreadPoolExecutor.java:946) ~[tomcat-embed-core-11.0.21.jar:11.0.21]
	at org.apache.tomcat.util.threads.ThreadPoolExecutor$Worker.run(ThreadPoolExecutor.java:480) ~[tomcat-embed-core-11.0.21.jar:11.0.21]
	at org.apache.tomcat.util.threads.TaskThread$WrappingRunnable.run(TaskThread.java:57) ~[tomcat-embed-core-11.0.21.jar:11.0.21]
	at java.base/java.lang.Thread.run(Thread.java:1583) ~[na:na]

2026-07-28T10:01:53.316+03:00 DEBUG 31132 --- [backend-06-26] [http-nio-8080-exec-2] o.s.security.web.FilterChainProxy        : Securing GET /error
2026-07-28T10:01:53.317+03:00 DEBUG 31132 --- [backend-06-26] [http-nio-8080-exec-2] o.s.security.web.FilterChainProxy        : Secured GET /error
2026-07-28T10:02:16.497+03:00 DEBUG 31132 --- [backend-06-26] [http-nio-8080-exec-4] o.s.security.web.FilterChainProxy        : Securing GET /download/1785220577792_CVE-2023-4863
2026-07-28T10:02:16.502+03:00 DEBUG 31132 --- [backend-06-26] [http-nio-8080-exec-4] o.s.s.o.s.r.a.JwtAuthenticationProvider  : Authenticated token
2026-07-28T10:02:16.502+03:00 DEBUG 31132 --- [backend-06-26] [http-nio-8080-exec-4] .s.r.w.a.BearerTokenAuthenticationFilter : Set SecurityContextHolder to JwtAuthenticationToken [Principal=org.springframework.security.oauth2.jwt.Jwt@8da0b00, Credentials=[PROTECTED], Authenticated=true, Details=WebAuthenticationDetails [RemoteIpAddress=0:0:0:0:0:0:0:1, SessionId=null], Granted Authorities=[SCOPE_email, ROLE_role_user, SCOPE_profile]]
2026-07-28T10:02:16.504+03:00 DEBUG 31132 --- [backend-06-26] [http-nio-8080-exec-4] o.s.security.web.FilterChainProxy        : Secured GET /download/1785220577792_CVE-2023-4863
2026-07-28T10:02:16.511+03:00 ERROR 31132 --- [backend-06-26] [http-nio-8080-exec-4] o.a.c.c.C.[.[.[/].[dispatcherServlet]    : Servlet.service() for servlet [dispatcherServlet] in context with path [] threw exception

java.io.FileNotFoundException: URL [file:///C:/Users/keyen/Documents/GitHub/backend-06-26/uploads/1785220577792_CVE-2023-4863] cannot be resolved in the file system for checking its content length
	at org.springframework.core.io.AbstractFileResolvingResource.contentLength(AbstractFileResolvingResource.java:292) ~[spring-core-7.0.7.jar:7.0.7]
	at org.springframework.http.converter.ResourceHttpMessageConverter.getContentLength(ResourceHttpMessageConverter.java:139) ~[spring-web-7.0.7.jar:7.0.7]
	at org.springframework.http.converter.ResourceHttpMessageConverter.getContentLength(ResourceHttpMessageConverter.java:47) ~[spring-web-7.0.7.jar:7.0.7]
	at org.springframework.http.converter.AbstractHttpMessageConverter.addDefaultHeaders(AbstractHttpMessageConverter.java:266) ~[spring-web-7.0.7.jar:7.0.7]
	at org.springframework.http.converter.AbstractHttpMessageConverter.write(AbstractHttpMessageConverter.java:208) ~[spring-web-7.0.7.jar:7.0.7]
	at org.springframework.web.servlet.mvc.method.annotation.AbstractMessageConverterMethodProcessor.writeWithMessageConverters(AbstractMessageConverterMethodProcessor.java:340) ~[spring-webmvc-7.0.7.jar:7.0.7]
	at org.springframework.web.servlet.mvc.method.annotation.HttpEntityMethodProcessor.handleReturnValue(HttpEntityMethodProcessor.java:261) ~[spring-webmvc-7.0.7.jar:7.0.7]
	at org.springframework.web.servlet.mvc.method.annotation.ResponseEntityReturnValueHandler.handleReturnValue(ResponseEntityReturnValueHandler.java:80) ~[spring-webmvc-7.0.7.jar:7.0.7]
	at org.springframework.web.method.support.HandlerMethodReturnValueHandlerComposite.handleReturnValue(HandlerMethodReturnValueHandlerComposite.java:77) ~[spring-web-7.0.7.jar:7.0.7]
	at org.springframework.web.servlet.mvc.method.annotation.ServletInvocableHandlerMethod.invokeAndHandle(ServletInvocableHandlerMethod.java:135) ~[spring-webmvc-7.0.7.jar:7.0.7]
	at org.springframework.web.servlet.mvc.method.annotation.RequestMappingHandlerAdapter.invokeHandlerMethod(RequestMappingHandlerAdapter.java:934) ~[spring-webmvc-7.0.7.jar:7.0.7]
	at org.springframework.web.servlet.mvc.method.annotation.RequestMappingHandlerAdapter.handleInternal(RequestMappingHandlerAdapter.java:853) ~[spring-webmvc-7.0.7.jar:7.0.7]
	at org.springframework.web.servlet.mvc.method.AbstractHandlerMethodAdapter.handle(AbstractHandlerMethodAdapter.java:86) ~[spring-webmvc-7.0.7.jar:7.0.7]
	at org.springframework.web.servlet.DispatcherServlet.doDispatch(DispatcherServlet.java:963) ~[spring-webmvc-7.0.7.jar:7.0.7]
	at org.springframework.web.servlet.DispatcherServlet.doService(DispatcherServlet.java:866) ~[spring-webmvc-7.0.7.jar:7.0.7]
	at org.springframework.web.servlet.FrameworkServlet.processRequest(FrameworkServlet.java:1000) ~[spring-webmvc-7.0.7.jar:7.0.7]
	at org.springframework.web.servlet.FrameworkServlet.doGet(FrameworkServlet.java:892) ~[spring-webmvc-7.0.7.jar:7.0.7]
	at jakarta.servlet.http.HttpServlet.service(HttpServlet.java:633) ~[jakarta.servlet-api-6.1.0.jar:6.1.0]
	at org.springframework.web.servlet.FrameworkServlet.service(FrameworkServlet.java:874) ~[spring-webmvc-7.0.7.jar:7.0.7]
	at jakarta.servlet.http.HttpServlet.service(HttpServlet.java:723) ~[jakarta.servlet-api-6.1.0.jar:6.1.0]
	at org.apache.catalina.core.ApplicationFilterChain.doFilter(ApplicationFilterChain.java:128) ~[tomcat-embed-core-11.0.21.jar:11.0.21]
	at org.apache.tomcat.websocket.server.WsFilter.doFilter(WsFilter.java:53) ~[tomcat-embed-websocket-11.0.21.jar:11.0.21]
	at org.apache.catalina.core.ApplicationFilterChain.doFilter(ApplicationFilterChain.java:107) ~[tomcat-embed-core-11.0.21.jar:11.0.21]
	at org.springframework.web.filter.CompositeFilter$VirtualFilterChain.doFilter(CompositeFilter.java:108) ~[spring-web-7.0.7.jar:7.0.7]
	at org.springframework.security.web.FilterChainProxy.lambda$doFilterInternal$3(FilterChainProxy.java:235) ~[spring-security-web-7.0.5.jar:7.0.5]
	at org.springframework.security.web.FilterChainProxy$VirtualFilterChain.doFilter(FilterChainProxy.java:376) ~[spring-security-web-7.0.5.jar:7.0.5]
	at org.springframework.security.web.access.intercept.AuthorizationFilter.doFilter(AuthorizationFilter.java:101) ~[spring-security-web-7.0.5.jar:7.0.5]
	at org.springframework.security.web.FilterChainProxy$VirtualFilterChain.doFilter(FilterChainProxy.java:385) ~[spring-security-web-7.0.5.jar:7.0.5]
	at org.springframework.security.web.access.ExceptionTranslationFilter.doFilter(ExceptionTranslationFilter.java:126) ~[spring-security-web-7.0.5.jar:7.0.5]
	at org.springframework.security.web.access.ExceptionTranslationFilter.doFilter(ExceptionTranslationFilter.java:120) ~[spring-security-web-7.0.5.jar:7.0.5]
	at org.springframework.security.web.FilterChainProxy$VirtualFilterChain.doFilter(FilterChainProxy.java:385) ~[spring-security-web-7.0.5.jar:7.0.5]
	at org.springframework.security.web.session.SessionManagementFilter.doFilter(SessionManagementFilter.java:132) ~[spring-security-web-7.0.5.jar:7.0.5]
	at org.springframework.security.web.session.SessionManagementFilter.doFilter(SessionManagementFilter.java:86) ~[spring-security-web-7.0.5.jar:7.0.5]
	at org.springframework.security.web.FilterChainProxy$VirtualFilterChain.doFilter(FilterChainProxy.java:385) ~[spring-security-web-7.0.5.jar:7.0.5]
	at org.springframework.security.web.authentication.AnonymousAuthenticationFilter.doFilter(AnonymousAuthenticationFilter.java:100) ~[spring-security-web-7.0.5.jar:7.0.5]
	at org.springframework.security.web.FilterChainProxy$VirtualFilterChain.doFilter(FilterChainProxy.java:385) ~[spring-security-web-7.0.5.jar:7.0.5]
	at org.springframework.security.web.servletapi.SecurityContextHolderAwareRequestFilter.doFilter(SecurityContextHolderAwareRequestFilter.java:181) ~[spring-security-web-7.0.5.jar:7.0.5]
	at org.springframework.security.web.FilterChainProxy$VirtualFilterChain.doFilter(FilterChainProxy.java:385) ~[spring-security-web-7.0.5.jar:7.0.5]
	at org.springframework.security.web.savedrequest.RequestCacheAwareFilter.doFilter(RequestCacheAwareFilter.java:63) ~[spring-security-web-7.0.5.jar:7.0.5]
	at org.springframework.security.web.FilterChainProxy$VirtualFilterChain.doFilter(FilterChainProxy.java:385) ~[spring-security-web-7.0.5.jar:7.0.5]
	at org.springframework.security.web.authentication.AuthenticationFilter.doFilterInternal(AuthenticationFilter.java:194) ~[spring-security-web-7.0.5.jar:7.0.5]
	at org.springframework.web.filter.OncePerRequestFilter.doFilter(OncePerRequestFilter.java:116) ~[spring-web-7.0.7.jar:7.0.7]
	at org.springframework.security.web.FilterChainProxy$VirtualFilterChain.doFilter(FilterChainProxy.java:385) ~[spring-security-web-7.0.5.jar:7.0.5]
	at org.springframework.security.oauth2.server.resource.web.authentication.BearerTokenAuthenticationFilter.doFilterInternal(BearerTokenAuthenticationFilter.java:207) ~[spring-security-oauth2-resource-server-7.0.5.jar:7.0.5]
	at org.springframework.web.filter.OncePerRequestFilter.doFilter(OncePerRequestFilter.java:116) ~[spring-web-7.0.7.jar:7.0.7]
	at org.springframework.security.web.FilterChainProxy$VirtualFilterChain.doFilter(FilterChainProxy.java:385) ~[spring-security-web-7.0.5.jar:7.0.5]
	at org.springframework.security.oauth2.server.resource.web.OAuth2ProtectedResourceMetadataFilter.doFilterInternal(OAuth2ProtectedResourceMetadataFilter.java:97) ~[spring-security-oauth2-resource-server-7.0.5.jar:7.0.5]
	at org.springframework.web.filter.OncePerRequestFilter.doFilter(OncePerRequestFilter.java:116) ~[spring-web-7.0.7.jar:7.0.7]
	at org.springframework.security.web.FilterChainProxy$VirtualFilterChain.doFilter(FilterChainProxy.java:385) ~[spring-security-web-7.0.5.jar:7.0.5]
	at org.springframework.security.web.authentication.logout.LogoutFilter.doFilter(LogoutFilter.java:110) ~[spring-security-web-7.0.5.jar:7.0.5]
	at org.springframework.security.web.authentication.logout.LogoutFilter.doFilter(LogoutFilter.java:96) ~[spring-security-web-7.0.5.jar:7.0.5]
	at org.springframework.security.web.FilterChainProxy$VirtualFilterChain.doFilter(FilterChainProxy.java:385) ~[spring-security-web-7.0.5.jar:7.0.5]
	at org.springframework.security.web.header.HeaderWriterFilter.doHeadersAfter(HeaderWriterFilter.java:90) ~[spring-security-web-7.0.5.jar:7.0.5]
	at org.springframework.security.web.header.HeaderWriterFilter.doFilterInternal(HeaderWriterFilter.java:75) ~[spring-security-web-7.0.5.jar:7.0.5]
	at org.springframework.web.filter.OncePerRequestFilter.doFilter(OncePerRequestFilter.java:116) ~[spring-web-7.0.7.jar:7.0.7]
	at org.springframework.security.web.FilterChainProxy$VirtualFilterChain.doFilter(FilterChainProxy.java:385) ~[spring-security-web-7.0.5.jar:7.0.5]
	at org.springframework.security.web.context.SecurityContextHolderFilter.doFilter(SecurityContextHolderFilter.java:82) ~[spring-security-web-7.0.5.jar:7.0.5]
	at org.springframework.security.web.context.SecurityContextHolderFilter.doFilter(SecurityContextHolderFilter.java:69) ~[spring-security-web-7.0.5.jar:7.0.5]
	at org.springframework.security.web.FilterChainProxy$VirtualFilterChain.doFilter(FilterChainProxy.java:385) ~[spring-security-web-7.0.5.jar:7.0.5]
	at org.springframework.security.web.context.request.async.WebAsyncManagerIntegrationFilter.doFilterInternal(WebAsyncManagerIntegrationFilter.java:62) ~[spring-security-web-7.0.5.jar:7.0.5]
	at org.springframework.web.filter.OncePerRequestFilter.doFilter(OncePerRequestFilter.java:116) ~[spring-web-7.0.7.jar:7.0.7]
	at org.springframework.security.web.FilterChainProxy$VirtualFilterChain.doFilter(FilterChainProxy.java:385) ~[spring-security-web-7.0.5.jar:7.0.5]
	at org.springframework.security.web.session.DisableEncodeUrlFilter.doFilterInternal(DisableEncodeUrlFilter.java:42) ~[spring-security-web-7.0.5.jar:7.0.5]
	at org.springframework.web.filter.OncePerRequestFilter.doFilter(OncePerRequestFilter.java:116) ~[spring-web-7.0.7.jar:7.0.7]
	at org.springframework.security.web.FilterChainProxy$VirtualFilterChain.doFilter(FilterChainProxy.java:385) ~[spring-security-web-7.0.5.jar:7.0.5]
	at org.springframework.security.web.FilterChainProxy.doFilterInternal(FilterChainProxy.java:237) ~[spring-security-web-7.0.5.jar:7.0.5]
	at org.springframework.security.web.FilterChainProxy.doFilter(FilterChainProxy.java:195) ~[spring-security-web-7.0.5.jar:7.0.5]
	at org.springframework.web.filter.CompositeFilter$VirtualFilterChain.doFilter(CompositeFilter.java:113) ~[spring-web-7.0.7.jar:7.0.7]
	at org.springframework.web.filter.ServletRequestPathFilter.doFilter(ServletRequestPathFilter.java:52) ~[spring-web-7.0.7.jar:7.0.7]
	at org.springframework.web.filter.CompositeFilter$VirtualFilterChain.doFilter(CompositeFilter.java:113) ~[spring-web-7.0.7.jar:7.0.7]
	at org.springframework.web.filter.CompositeFilter.doFilter(CompositeFilter.java:74) ~[spring-web-7.0.7.jar:7.0.7]
	at org.springframework.security.config.annotation.web.configuration.WebSecurityConfiguration$CompositeFilterChainProxy.doFilter(WebSecurityConfiguration.java:317) ~[spring-security-config-7.0.5.jar:7.0.5]
	at org.springframework.web.filter.DelegatingFilterProxy.invokeDelegate(DelegatingFilterProxy.java:355) ~[spring-web-7.0.7.jar:7.0.7]
	at org.springframework.web.filter.DelegatingFilterProxy.doFilter(DelegatingFilterProxy.java:272) ~[spring-web-7.0.7.jar:7.0.7]
	at org.apache.catalina.core.ApplicationFilterChain.doFilter(ApplicationFilterChain.java:107) ~[tomcat-embed-core-11.0.21.jar:11.0.21]
	at org.springframework.web.filter.RequestContextFilter.doFilterInternal(RequestContextFilter.java:100) ~[spring-web-7.0.7.jar:7.0.7]
	at org.springframework.web.filter.OncePerRequestFilter.doFilter(OncePerRequestFilter.java:116) ~[spring-web-7.0.7.jar:7.0.7]
	at org.apache.catalina.core.ApplicationFilterChain.doFilter(ApplicationFilterChain.java:107) ~[tomcat-embed-core-11.0.21.jar:11.0.21]
	at org.springframework.web.filter.FormContentFilter.doFilterInternal(FormContentFilter.java:93) ~[spring-web-7.0.7.jar:7.0.7]
	at org.springframework.web.filter.OncePerRequestFilter.doFilter(OncePerRequestFilter.java:116) ~[spring-web-7.0.7.jar:7.0.7]
	at org.apache.catalina.core.ApplicationFilterChain.doFilter(ApplicationFilterChain.java:107) ~[tomcat-embed-core-11.0.21.jar:11.0.21]
	at org.springframework.web.filter.CharacterEncodingFilter.doFilterInternal(CharacterEncodingFilter.java:199) ~[spring-web-7.0.7.jar:7.0.7]
	at org.springframework.web.filter.OncePerRequestFilter.doFilter(OncePerRequestFilter.java:116) ~[spring-web-7.0.7.jar:7.0.7]
	at org.apache.catalina.core.ApplicationFilterChain.doFilter(ApplicationFilterChain.java:107) ~[tomcat-embed-core-11.0.21.jar:11.0.21]
	at org.apache.catalina.core.StandardWrapperValve.invoke(StandardWrapperValve.java:165) ~[tomcat-embed-core-11.0.21.jar:11.0.21]
	at org.apache.catalina.core.StandardContextValve.invoke(StandardContextValve.java:77) ~[tomcat-embed-core-11.0.21.jar:11.0.21]
	at org.apache.catalina.authenticator.AuthenticatorBase.invoke(AuthenticatorBase.java:492) ~[tomcat-embed-core-11.0.21.jar:11.0.21]
	at org.apache.catalina.core.StandardHostValve.invoke(StandardHostValve.java:113) ~[tomcat-embed-core-11.0.21.jar:11.0.21]
	at org.apache.catalina.valves.ErrorReportValve.invoke(ErrorReportValve.java:83) ~[tomcat-embed-core-11.0.21.jar:11.0.21]
	at org.apache.catalina.core.StandardEngineValve.invoke(StandardEngineValve.java:72) ~[tomcat-embed-core-11.0.21.jar:11.0.21]
	at org.apache.catalina.connector.CoyoteAdapter.service(CoyoteAdapter.java:341) ~[tomcat-embed-core-11.0.21.jar:11.0.21]
	at org.apache.coyote.http11.Http11Processor.service(Http11Processor.java:397) ~[tomcat-embed-core-11.0.21.jar:11.0.21]
	at org.apache.coyote.AbstractProcessorLight.process(AbstractProcessorLight.java:63) ~[tomcat-embed-core-11.0.21.jar:11.0.21]
	at org.apache.coyote.AbstractProtocol$ConnectionHandler.process(AbstractProtocol.java:903) ~[tomcat-embed-core-11.0.21.jar:11.0.21]
	at org.apache.tomcat.util.net.NioEndpoint$SocketProcessor.doRun(NioEndpoint.java:1801) ~[tomcat-embed-core-11.0.21.jar:11.0.21]
	at org.apache.tomcat.util.net.SocketProcessorBase.run(SocketProcessorBase.java:52) ~[tomcat-embed-core-11.0.21.jar:11.0.21]
	at org.apache.tomcat.util.threads.ThreadPoolExecutor.runWorker(ThreadPoolExecutor.java:946) ~[tomcat-embed-core-11.0.21.jar:11.0.21]
	at org.apache.tomcat.util.threads.ThreadPoolExecutor$Worker.run(ThreadPoolExecutor.java:480) ~[tomcat-embed-core-11.0.21.jar:11.0.21]
	at org.apache.tomcat.util.threads.TaskThread$WrappingRunnable.run(TaskThread.java:57) ~[tomcat-embed-core-11.0.21.jar:11.0.21]
	at java.base/java.lang.Thread.run(Thread.java:1583) ~[na:na]

2026-07-28T10:02:16.516+03:00 DEBUG 31132 --- [backend-06-26] [http-nio-8080-exec-4] o.s.security.web.FilterChainProxy        : Securing GET /error
2026-07-28T10:02:16.516+03:00 DEBUG 31132 --- [backend-06-26] [http-nio-8080-exec-4] o.s.security.web.FilterChainProxy        : Secured GET /error
2026-07-28T10:05:01.250+03:00  INFO 31132 --- [backend-06-26] [SpringApplicationShutdownHook] o.s.boot.tomcat.GracefulShutdown         : Commencing graceful shutdown. Waiting for active requests to complete
2026-07-28T10:05:01.290+03:00  INFO 31132 --- [backend-06-26] [tomcat-shutdown] o.s.boot.tomcat.GracefulShutdown         : Graceful shutdown complete
2026-07-28T10:05:01.296+03:00  INFO 31132 --- [backend-06-26] [SpringApplicationShutdownHook] o.s.m.s.b.SimpleBrokerMessageHandler     : Stopping...
2026-07-28T10:05:01.298+03:00  INFO 31132 --- [backend-06-26] [SpringApplicationShutdownHook] o.s.m.s.b.SimpleBrokerMessageHandler     : BrokerAvailabilityEvent[available=false, SimpleBrokerMessageHandler [org.springframework.messaging.simp.broker.DefaultSubscriptionRegistry@27ebe541]]
2026-07-28T10:05:01.298+03:00  INFO 31132 --- [backend-06-26] [SpringApplicationShutdownHook] o.s.m.s.b.SimpleBrokerMessageHandler     : Stopped.
2026-07-28T10:05:01.335+03:00  INFO 31132 --- [backend-06-26] [SpringApplicationShutdownHook] j.LocalContainerEntityManagerFactoryBean : Closing JPA EntityManagerFactory for persistence unit 'default'
2026-07-28T10:05:01.340+03:00  INFO 31132 --- [backend-06-26] [SpringApplicationShutdownHook] com.zaxxer.hikari.HikariDataSource       : HikariPool-1 - Shutdown initiated...
2026-07-28T10:05:03.142+03:00  INFO 31132 --- [backend-06-26] [SpringApplicationShutdownHook] com.zaxxer.hikari.HikariDataSource       : HikariPool-1 - Shutdown completed.
2026-07-28T10:05:14.308+03:00  INFO 10744 --- [backend-06-26] [main] e.n.backend0626.Backend0626Application   : Starting Backend0626Application using Java 21.0.11 with PID 10744 (C:\Users\keyen\Documents\GitHub\backend-06-26\target\classes started by keyen in C:\Users\keyen\Documents\GitHub\backend-06-26)
2026-07-28T10:05:14.320+03:00  INFO 10744 --- [backend-06-26] [main] e.n.backend0626.Backend0626Application   : The following 1 profile is active: "prod"
2026-07-28T10:05:16.424+03:00  INFO 10744 --- [backend-06-26] [main] .s.d.r.c.RepositoryConfigurationDelegate : Multiple Spring Data modules found, entering strict repository configuration mode
2026-07-28T10:05:16.426+03:00  INFO 10744 --- [backend-06-26] [main] .s.d.r.c.RepositoryConfigurationDelegate : Bootstrapping Spring Data JPA repositories in DEFAULT mode.
2026-07-28T10:05:16.706+03:00  INFO 10744 --- [backend-06-26] [main] .s.d.r.c.RepositoryConfigurationDelegate : Finished Spring Data repository scanning in 263 ms. Found 4 JPA repository interfaces.
2026-07-28T10:05:16.810+03:00  INFO 10744 --- [backend-06-26] [main] .s.d.r.c.RepositoryConfigurationDelegate : Multiple Spring Data modules found, entering strict repository configuration mode
2026-07-28T10:05:16.814+03:00  INFO 10744 --- [backend-06-26] [main] .s.d.r.c.RepositoryConfigurationDelegate : Bootstrapping Spring Data Redis repositories in DEFAULT mode.
2026-07-28T10:05:16.848+03:00  INFO 10744 --- [backend-06-26] [main] .RepositoryConfigurationExtensionSupport : Spring Data Redis - Could not safely identify store assignment for repository candidate interface ee.nikolas.backend0626.repository.CategoryRepository; If you want this repository to be a Redis repository, consider annotating your entities with one of these annotations: org.springframework.data.redis.core.RedisHash (preferred), or consider extending one of the following types with your repository: org.springframework.data.keyvalue.repository.KeyValueRepository
2026-07-28T10:05:16.850+03:00  INFO 10744 --- [backend-06-26] [main] .RepositoryConfigurationExtensionSupport : Spring Data Redis - Could not safely identify store assignment for repository candidate interface ee.nikolas.backend0626.repository.OrderRepository; If you want this repository to be a Redis repository, consider annotating your entities with one of these annotations: org.springframework.data.redis.core.RedisHash (preferred), or consider extending one of the following types with your repository: org.springframework.data.keyvalue.repository.KeyValueRepository
2026-07-28T10:05:16.850+03:00  INFO 10744 --- [backend-06-26] [main] .RepositoryConfigurationExtensionSupport : Spring Data Redis - Could not safely identify store assignment for repository candidate interface ee.nikolas.backend0626.repository.PersonRepository; If you want this repository to be a Redis repository, consider annotating your entities with one of these annotations: org.springframework.data.redis.core.RedisHash (preferred), or consider extending one of the following types with your repository: org.springframework.data.keyvalue.repository.KeyValueRepository
2026-07-28T10:05:16.850+03:00  INFO 10744 --- [backend-06-26] [main] .RepositoryConfigurationExtensionSupport : Spring Data Redis - Could not safely identify store assignment for repository candidate interface ee.nikolas.backend0626.repository.ProductRepository; If you want this repository to be a Redis repository, consider annotating your entities with one of these annotations: org.springframework.data.redis.core.RedisHash (preferred), or consider extending one of the following types with your repository: org.springframework.data.keyvalue.repository.KeyValueRepository
2026-07-28T10:05:16.852+03:00  INFO 10744 --- [backend-06-26] [main] .s.d.r.c.RepositoryConfigurationDelegate : Finished Spring Data repository scanning in 17 ms. Found 0 Redis repository interfaces.
2026-07-28T10:05:18.353+03:00  INFO 10744 --- [backend-06-26] [main] o.s.boot.tomcat.TomcatWebServer          : Tomcat initialized with port 8080 (http)
2026-07-28T10:05:18.405+03:00  INFO 10744 --- [backend-06-26] [main] o.apache.catalina.core.StandardService   : Starting service [Tomcat]
2026-07-28T10:05:18.407+03:00  INFO 10744 --- [backend-06-26] [main] o.apache.catalina.core.StandardEngine    : Starting Servlet engine: [Apache Tomcat/11.0.21]
2026-07-28T10:05:18.604+03:00  INFO 10744 --- [backend-06-26] [main] b.w.c.s.WebApplicationContextInitializer : Root WebApplicationContext: initialization completed in 4166 ms
2026-07-28T10:05:19.017+03:00  INFO 10744 --- [backend-06-26] [main] org.hibernate.orm.jpa                    : HHH008540: Processing PersistenceUnitInfo [name: default]
2026-07-28T10:05:19.125+03:00  INFO 10744 --- [backend-06-26] [main] org.hibernate.orm.core                   : HHH000001: Hibernate ORM core version 7.2.12.Final
2026-07-28T10:05:20.050+03:00  INFO 10744 --- [backend-06-26] [main] o.s.o.j.p.SpringPersistenceUnitInfo      : No LoadTimeWeaver setup: ignoring JPA class transformer
2026-07-28T10:05:20.103+03:00  INFO 10744 --- [backend-06-26] [main] com.zaxxer.hikari.HikariDataSource       : HikariPool-1 - Starting...
2026-07-28T10:05:22.614+03:00  INFO 10744 --- [backend-06-26] [main] com.zaxxer.hikari.pool.HikariPool        : HikariPool-1 - Added connection org.postgresql.jdbc.PgConnection@3dfa2f64
2026-07-28T10:05:22.618+03:00  INFO 10744 --- [backend-06-26] [main] com.zaxxer.hikari.HikariDataSource       : HikariPool-1 - Start completed.
2026-07-28T10:05:23.950+03:00  INFO 10744 --- [backend-06-26] [main] org.hibernate.orm.connections.pooling    : HHH10001005: Database info:
	Database JDBC URL [jdbc:postgresql://dpg-d9bi856cjfls738edtug-a.oregon-postgres.render.com/veebipood0626]
	Database driver: PostgreSQL JDBC Driver
	Database dialect: PostgreSQLDialect
	Database version: 18.4
	Default catalog/schema: veebipood0626/public
	Autocommit mode: undefined/unknown
	Isolation level: READ_COMMITTED [default READ_COMMITTED]
	JDBC fetch size: none
	Pool: DataSourceConnectionProvider
	Minimum pool size: undefined/unknown
	Maximum pool size: undefined/unknown
2026-07-28T10:05:25.737+03:00  INFO 10744 --- [backend-06-26] [main] org.hibernate.orm.core                   : HHH000489: No JTA platform available (set 'hibernate.transaction.jta.platform' to enable JTA platform integration)
2026-07-28T10:05:27.504+03:00  INFO 10744 --- [backend-06-26] [main] j.LocalContainerEntityManagerFactoryBean : Initialized JPA EntityManagerFactory for persistence unit 'default'
2026-07-28T10:05:27.792+03:00  INFO 10744 --- [backend-06-26] [main] o.s.d.j.r.query.QueryEnhancerFactories   : Hibernate is in classpath; If applicable, HQL parser will be used.
2026-07-28T10:05:30.427+03:00  WARN 10744 --- [backend-06-26] [main] JpaBaseConfiguration$JpaWebConfiguration : spring.jpa.open-in-view is enabled by default. Therefore, database queries may be performed during view rendering. Explicitly configure spring.jpa.open-in-view to disable this warning
2026-07-28T10:05:30.833+03:00 DEBUG 10744 --- [backend-06-26] [main] swordEncoderAuthenticationManagerBuilder : No authenticationProviders and no parentAuthenticationManager defined. Returning null.
2026-07-28T10:05:31.836+03:00 DEBUG 10744 --- [backend-06-26] [main] o.s.s.web.DefaultSecurityFilterChain     : Will secure any request with filters: DisableEncodeUrlFilter, WebAsyncManagerIntegrationFilter, SecurityContextHolderFilter, HeaderWriterFilter, LogoutFilter, OAuth2ProtectedResourceMetadataFilter, BearerTokenAuthenticationFilter, AuthenticationFilter, RequestCacheAwareFilter, SecurityContextHolderAwareRequestFilter, AnonymousAuthenticationFilter, SessionManagementFilter, ExceptionTranslationFilter, AuthorizationFilter
2026-07-28T10:05:33.560+03:00  INFO 10744 --- [backend-06-26] [main] o.s.v.b.OptionalValidatorFactoryBean     : Failed to set up a Bean Validation provider: jakarta.validation.NoProviderFoundException: Unable to create a Configuration, because no Jakarta Validation provider could be found. Add a provider like Hibernate Validator (RI) to your classpath.
2026-07-28T10:05:34.815+03:00  INFO 10744 --- [backend-06-26] [main] o.s.b.w.a.WelcomePageHandlerMapping      : Adding welcome page: class path resource [static/index.html]
2026-07-28T10:05:36.978+03:00  INFO 10744 --- [backend-06-26] [main] o.s.m.s.b.SimpleBrokerMessageHandler     : Starting...
2026-07-28T10:05:36.980+03:00  INFO 10744 --- [backend-06-26] [main] o.s.m.s.b.SimpleBrokerMessageHandler     : BrokerAvailabilityEvent[available=true, SimpleBrokerMessageHandler [org.springframework.messaging.simp.broker.DefaultSubscriptionRegistry@50ea4eaa]]
2026-07-28T10:05:36.983+03:00  INFO 10744 --- [backend-06-26] [main] o.s.m.s.b.SimpleBrokerMessageHandler     : Started.
2026-07-28T10:05:37.032+03:00  INFO 10744 --- [backend-06-26] [main] o.s.boot.tomcat.TomcatWebServer          : Tomcat started on port 8080 (http) with context path '/'
2026-07-28T10:05:37.067+03:00  INFO 10744 --- [backend-06-26] [main] e.n.backend0626.Backend0626Application   : Started Backend0626Application in 23.873 seconds (process running for 25.716)
2026-07-28T10:05:43.664+03:00  INFO 10744 --- [backend-06-26] [http-nio-8080-exec-2] o.a.c.c.C.[Tomcat].[localhost].[/]       : Initializing Spring DispatcherServlet 'dispatcherServlet'
2026-07-28T10:05:43.664+03:00  INFO 10744 --- [backend-06-26] [http-nio-8080-exec-2] o.s.web.servlet.DispatcherServlet        : Initializing Servlet 'dispatcherServlet'
2026-07-28T10:05:43.669+03:00  INFO 10744 --- [backend-06-26] [http-nio-8080-exec-2] o.s.web.servlet.DispatcherServlet        : Completed initialization in 3 ms
2026-07-28T10:05:43.694+03:00 DEBUG 10744 --- [backend-06-26] [http-nio-8080-exec-2] o.s.security.web.FilterChainProxy        : Securing GET /download/1785220577792_CVE-2023-4863.pdf
2026-07-28T10:05:44.028+03:00 DEBUG 10744 --- [backend-06-26] [http-nio-8080-exec-2] er$RestTemplateWithNimbusDefaultTimeouts : HTTP GET http://localhost:9090/realms/webshop-users/protocol/openid-connect/certs
2026-07-28T10:05:44.065+03:00 DEBUG 10744 --- [backend-06-26] [http-nio-8080-exec-2] er$RestTemplateWithNimbusDefaultTimeouts : Accept=[text/plain, application/json, application/yaml, application/*+json, */*]
2026-07-28T10:05:44.121+03:00 DEBUG 10744 --- [backend-06-26] [http-nio-8080-exec-2] er$RestTemplateWithNimbusDefaultTimeouts : Response 200 OK
2026-07-28T10:05:44.124+03:00 DEBUG 10744 --- [backend-06-26] [http-nio-8080-exec-2] er$RestTemplateWithNimbusDefaultTimeouts : Reading to [java.lang.String] as "application/json;charset=UTF-8"
2026-07-28T10:05:44.198+03:00 DEBUG 10744 --- [backend-06-26] [http-nio-8080-exec-2] o.s.s.o.s.r.a.JwtAuthenticationProvider  : Authenticated token
2026-07-28T10:05:44.201+03:00 DEBUG 10744 --- [backend-06-26] [http-nio-8080-exec-2] .s.r.w.a.BearerTokenAuthenticationFilter : Set SecurityContextHolder to JwtAuthenticationToken [Principal=org.springframework.security.oauth2.jwt.Jwt@8da0b00, Credentials=[PROTECTED], Authenticated=true, Details=WebAuthenticationDetails [RemoteIpAddress=0:0:0:0:0:0:0:1, SessionId=null], Granted Authorities=[SCOPE_email, ROLE_role_user, SCOPE_profile]]
2026-07-28T10:05:44.210+03:00 DEBUG 10744 --- [backend-06-26] [http-nio-8080-exec-2] o.s.security.web.FilterChainProxy        : Secured GET /download/1785220577792_CVE-2023-4863.pdf
2026-07-28T10:06:18.674+03:00 DEBUG 10744 --- [backend-06-26] [http-nio-8080-exec-3] o.s.security.web.FilterChainProxy        : Securing GET /download/1785220577792_CVE-2023-4863.pdf
2026-07-28T10:06:18.680+03:00 DEBUG 10744 --- [backend-06-26] [http-nio-8080-exec-3] o.s.s.o.s.r.a.JwtAuthenticationProvider  : Authenticated token
2026-07-28T10:06:18.681+03:00 DEBUG 10744 --- [backend-06-26] [http-nio-8080-exec-3] .s.r.w.a.BearerTokenAuthenticationFilter : Set SecurityContextHolder to JwtAuthenticationToken [Principal=org.springframework.security.oauth2.jwt.Jwt@8da0b00, Credentials=[PROTECTED], Authenticated=true, Details=WebAuthenticationDetails [RemoteIpAddress=0:0:0:0:0:0:0:1, SessionId=null], Granted Authorities=[SCOPE_email, ROLE_role_user, SCOPE_profile]]
2026-07-28T10:06:18.682+03:00 DEBUG 10744 --- [backend-06-26] [http-nio-8080-exec-3] o.s.security.web.FilterChainProxy        : Secured GET /download/1785220577792_CVE-2023-4863.pdf
2026-07-28T10:06:36.985+03:00  INFO 10744 --- [backend-06-26] [MessageBroker-1] o.s.w.s.c.WebSocketMessageBrokerStats    : WebSocketSession[0 current WS(0)-HttpStream(0)-HttpPoll(0), 0 total, 0 closed abnormally (0 connect failure, 0 send limit, 0 transport error)], stompSubProtocol[processed CONNECT(0)-CONNECTED(0)-DISCONNECT(0)], stompBrokerRelay[null], inboundChannel[pool size = 0, active threads = 0, queued tasks = 0, completed tasks = 0], outboundChannel[pool size = 0, active threads = 0, queued tasks = 0, completed tasks = 0], sockJsScheduler[pool size = 3, active threads = 1, queued tasks = 2, completed tasks = 0]
2026-07-28T10:07:14.515+03:00  INFO 10744 --- [backend-06-26] [SpringApplicationShutdownHook] o.s.boot.tomcat.GracefulShutdown         : Commencing graceful shutdown. Waiting for active requests to complete
2026-07-28T10:07:14.547+03:00  INFO 10744 --- [backend-06-26] [tomcat-shutdown] o.s.boot.tomcat.GracefulShutdown         : Graceful shutdown complete
2026-07-28T10:07:14.550+03:00  INFO 10744 --- [backend-06-26] [SpringApplicationShutdownHook] o.s.m.s.b.SimpleBrokerMessageHandler     : Stopping...
2026-07-28T10:07:14.550+03:00  INFO 10744 --- [backend-06-26] [SpringApplicationShutdownHook] o.s.m.s.b.SimpleBrokerMessageHandler     : BrokerAvailabilityEvent[available=false, SimpleBrokerMessageHandler [org.springframework.messaging.simp.broker.DefaultSubscriptionRegistry@50ea4eaa]]
2026-07-28T10:07:14.550+03:00  INFO 10744 --- [backend-06-26] [SpringApplicationShutdownHook] o.s.m.s.b.SimpleBrokerMessageHandler     : Stopped.
2026-07-28T10:07:14.578+03:00  INFO 10744 --- [backend-06-26] [SpringApplicationShutdownHook] j.LocalContainerEntityManagerFactoryBean : Closing JPA EntityManagerFactory for persistence unit 'default'
2026-07-28T10:07:14.588+03:00  INFO 10744 --- [backend-06-26] [SpringApplicationShutdownHook] com.zaxxer.hikari.HikariDataSource       : HikariPool-1 - Shutdown initiated...
2026-07-28T10:07:16.324+03:00  INFO 10744 --- [backend-06-26] [SpringApplicationShutdownHook] com.zaxxer.hikari.HikariDataSource       : HikariPool-1 - Shutdown completed.
2026-07-28T10:07:28.029+03:00  INFO 21376 --- [backend-06-26] [main] e.n.backend0626.Backend0626Application   : Starting Backend0626Application using Java 21.0.11 with PID 21376 (C:\Users\keyen\Documents\GitHub\backend-06-26\target\classes started by keyen in C:\Users\keyen\Documents\GitHub\backend-06-26)
2026-07-28T10:07:28.039+03:00  INFO 21376 --- [backend-06-26] [main] e.n.backend0626.Backend0626Application   : The following 1 profile is active: "prod"
2026-07-28T10:07:29.553+03:00  INFO 21376 --- [backend-06-26] [main] .s.d.r.c.RepositoryConfigurationDelegate : Multiple Spring Data modules found, entering strict repository configuration mode
2026-07-28T10:07:29.554+03:00  INFO 21376 --- [backend-06-26] [main] .s.d.r.c.RepositoryConfigurationDelegate : Bootstrapping Spring Data JPA repositories in DEFAULT mode.
2026-07-28T10:07:29.749+03:00  INFO 21376 --- [backend-06-26] [main] .s.d.r.c.RepositoryConfigurationDelegate : Finished Spring Data repository scanning in 182 ms. Found 4 JPA repository interfaces.
2026-07-28T10:07:29.819+03:00  INFO 21376 --- [backend-06-26] [main] .s.d.r.c.RepositoryConfigurationDelegate : Multiple Spring Data modules found, entering strict repository configuration mode
2026-07-28T10:07:29.821+03:00  INFO 21376 --- [backend-06-26] [main] .s.d.r.c.RepositoryConfigurationDelegate : Bootstrapping Spring Data Redis repositories in DEFAULT mode.
2026-07-28T10:07:29.847+03:00  INFO 21376 --- [backend-06-26] [main] .RepositoryConfigurationExtensionSupport : Spring Data Redis - Could not safely identify store assignment for repository candidate interface ee.nikolas.backend0626.repository.CategoryRepository; If you want this repository to be a Redis repository, consider annotating your entities with one of these annotations: org.springframework.data.redis.core.RedisHash (preferred), or consider extending one of the following types with your repository: org.springframework.data.keyvalue.repository.KeyValueRepository
2026-07-28T10:07:29.849+03:00  INFO 21376 --- [backend-06-26] [main] .RepositoryConfigurationExtensionSupport : Spring Data Redis - Could not safely identify store assignment for repository candidate interface ee.nikolas.backend0626.repository.OrderRepository; If you want this repository to be a Redis repository, consider annotating your entities with one of these annotations: org.springframework.data.redis.core.RedisHash (preferred), or consider extending one of the following types with your repository: org.springframework.data.keyvalue.repository.KeyValueRepository
2026-07-28T10:07:29.850+03:00  INFO 21376 --- [backend-06-26] [main] .RepositoryConfigurationExtensionSupport : Spring Data Redis - Could not safely identify store assignment for repository candidate interface ee.nikolas.backend0626.repository.PersonRepository; If you want this repository to be a Redis repository, consider annotating your entities with one of these annotations: org.springframework.data.redis.core.RedisHash (preferred), or consider extending one of the following types with your repository: org.springframework.data.keyvalue.repository.KeyValueRepository
2026-07-28T10:07:29.850+03:00  INFO 21376 --- [backend-06-26] [main] .RepositoryConfigurationExtensionSupport : Spring Data Redis - Could not safely identify store assignment for repository candidate interface ee.nikolas.backend0626.repository.ProductRepository; If you want this repository to be a Redis repository, consider annotating your entities with one of these annotations: org.springframework.data.redis.core.RedisHash (preferred), or consider extending one of the following types with your repository: org.springframework.data.keyvalue.repository.KeyValueRepository
2026-07-28T10:07:29.850+03:00  INFO 21376 --- [backend-06-26] [main] .s.d.r.c.RepositoryConfigurationDelegate : Finished Spring Data repository scanning in 14 ms. Found 0 Redis repository interfaces.
2026-07-28T10:07:30.754+03:00  INFO 21376 --- [backend-06-26] [main] o.s.boot.tomcat.TomcatWebServer          : Tomcat initialized with port 8080 (http)
2026-07-28T10:07:30.770+03:00  INFO 21376 --- [backend-06-26] [main] o.apache.catalina.core.StandardService   : Starting service [Tomcat]
2026-07-28T10:07:30.771+03:00  INFO 21376 --- [backend-06-26] [main] o.apache.catalina.core.StandardEngine    : Starting Servlet engine: [Apache Tomcat/11.0.21]
2026-07-28T10:07:30.856+03:00  INFO 21376 --- [backend-06-26] [main] b.w.c.s.WebApplicationContextInitializer : Root WebApplicationContext: initialization completed in 2722 ms
2026-07-28T10:07:31.103+03:00  INFO 21376 --- [backend-06-26] [main] org.hibernate.orm.jpa                    : HHH008540: Processing PersistenceUnitInfo [name: default]
2026-07-28T10:07:31.170+03:00  INFO 21376 --- [backend-06-26] [main] org.hibernate.orm.core                   : HHH000001: Hibernate ORM core version 7.2.12.Final
2026-07-28T10:07:31.736+03:00  INFO 21376 --- [backend-06-26] [main] o.s.o.j.p.SpringPersistenceUnitInfo      : No LoadTimeWeaver setup: ignoring JPA class transformer
2026-07-28T10:07:31.777+03:00  INFO 21376 --- [backend-06-26] [main] com.zaxxer.hikari.HikariDataSource       : HikariPool-1 - Starting...
2026-07-28T10:07:33.743+03:00  INFO 21376 --- [backend-06-26] [main] com.zaxxer.hikari.pool.HikariPool        : HikariPool-1 - Added connection org.postgresql.jdbc.PgConnection@3dfa2f64
2026-07-28T10:07:33.744+03:00  INFO 21376 --- [backend-06-26] [main] com.zaxxer.hikari.HikariDataSource       : HikariPool-1 - Start completed.
2026-07-28T10:07:34.998+03:00  INFO 21376 --- [backend-06-26] [main] org.hibernate.orm.connections.pooling    : HHH10001005: Database info:
	Database JDBC URL [jdbc:postgresql://dpg-d9bi856cjfls738edtug-a.oregon-postgres.render.com/veebipood0626]
	Database driver: PostgreSQL JDBC Driver
	Database dialect: PostgreSQLDialect
	Database version: 18.4
	Default catalog/schema: veebipood0626/public
	Autocommit mode: undefined/unknown
	Isolation level: READ_COMMITTED [default READ_COMMITTED]
	JDBC fetch size: none
	Pool: DataSourceConnectionProvider
	Minimum pool size: undefined/unknown
	Maximum pool size: undefined/unknown
2026-07-28T10:07:36.379+03:00  INFO 21376 --- [backend-06-26] [main] org.hibernate.orm.core                   : HHH000489: No JTA platform available (set 'hibernate.transaction.jta.platform' to enable JTA platform integration)
2026-07-28T10:07:38.069+03:00  INFO 21376 --- [backend-06-26] [main] j.LocalContainerEntityManagerFactoryBean : Initialized JPA EntityManagerFactory for persistence unit 'default'
2026-07-28T10:07:38.188+03:00  INFO 21376 --- [backend-06-26] [main] o.s.d.j.r.query.QueryEnhancerFactories   : Hibernate is in classpath; If applicable, HQL parser will be used.
2026-07-28T10:07:38.997+03:00  WARN 21376 --- [backend-06-26] [main] JpaBaseConfiguration$JpaWebConfiguration : spring.jpa.open-in-view is enabled by default. Therefore, database queries may be performed during view rendering. Explicitly configure spring.jpa.open-in-view to disable this warning
2026-07-28T10:07:39.109+03:00 DEBUG 21376 --- [backend-06-26] [main] swordEncoderAuthenticationManagerBuilder : No authenticationProviders and no parentAuthenticationManager defined. Returning null.
2026-07-28T10:07:39.406+03:00 DEBUG 21376 --- [backend-06-26] [main] o.s.s.web.DefaultSecurityFilterChain     : Will secure any request with filters: DisableEncodeUrlFilter, WebAsyncManagerIntegrationFilter, SecurityContextHolderFilter, HeaderWriterFilter, LogoutFilter, OAuth2ProtectedResourceMetadataFilter, BearerTokenAuthenticationFilter, AuthenticationFilter, RequestCacheAwareFilter, SecurityContextHolderAwareRequestFilter, AnonymousAuthenticationFilter, SessionManagementFilter, ExceptionTranslationFilter, AuthorizationFilter
2026-07-28T10:07:40.259+03:00  INFO 21376 --- [backend-06-26] [main] o.s.v.b.OptionalValidatorFactoryBean     : Failed to set up a Bean Validation provider: jakarta.validation.NoProviderFoundException: Unable to create a Configuration, because no Jakarta Validation provider could be found. Add a provider like Hibernate Validator (RI) to your classpath.
2026-07-28T10:07:40.473+03:00  INFO 21376 --- [backend-06-26] [main] o.s.b.w.a.WelcomePageHandlerMapping      : Adding welcome page: class path resource [static/index.html]
2026-07-28T10:07:41.758+03:00  INFO 21376 --- [backend-06-26] [main] o.s.m.s.b.SimpleBrokerMessageHandler     : Starting...
2026-07-28T10:07:41.760+03:00  INFO 21376 --- [backend-06-26] [main] o.s.m.s.b.SimpleBrokerMessageHandler     : BrokerAvailabilityEvent[available=true, SimpleBrokerMessageHandler [org.springframework.messaging.simp.broker.DefaultSubscriptionRegistry@639f6a0d]]
2026-07-28T10:07:41.760+03:00  INFO 21376 --- [backend-06-26] [main] o.s.m.s.b.SimpleBrokerMessageHandler     : Started.
2026-07-28T10:07:41.777+03:00  INFO 21376 --- [backend-06-26] [main] o.s.boot.tomcat.TomcatWebServer          : Tomcat started on port 8080 (http) with context path '/'
2026-07-28T10:07:41.795+03:00  INFO 21376 --- [backend-06-26] [main] e.n.backend0626.Backend0626Application   : Started Backend0626Application in 14.937 seconds (process running for 16.697)
2026-07-28T10:07:49.411+03:00  INFO 21376 --- [backend-06-26] [http-nio-8080-exec-1] o.a.c.c.C.[Tomcat].[localhost].[/]       : Initializing Spring DispatcherServlet 'dispatcherServlet'
2026-07-28T10:07:49.414+03:00  INFO 21376 --- [backend-06-26] [http-nio-8080-exec-1] o.s.web.servlet.DispatcherServlet        : Initializing Servlet 'dispatcherServlet'
2026-07-28T10:07:49.420+03:00  INFO 21376 --- [backend-06-26] [http-nio-8080-exec-1] o.s.web.servlet.DispatcherServlet        : Completed initialization in 6 ms
2026-07-28T10:07:49.451+03:00 DEBUG 21376 --- [backend-06-26] [http-nio-8080-exec-1] o.s.security.web.FilterChainProxy        : Securing GET /download/1785220792435_Screenshot 2026-07-14 184843.png
2026-07-28T10:07:49.754+03:00 DEBUG 21376 --- [backend-06-26] [http-nio-8080-exec-1] er$RestTemplateWithNimbusDefaultTimeouts : HTTP GET http://localhost:9090/realms/webshop-users/protocol/openid-connect/certs
2026-07-28T10:07:49.787+03:00 DEBUG 21376 --- [backend-06-26] [http-nio-8080-exec-1] er$RestTemplateWithNimbusDefaultTimeouts : Accept=[text/plain, application/json, application/yaml, application/*+json, */*]
2026-07-28T10:07:49.839+03:00 DEBUG 21376 --- [backend-06-26] [http-nio-8080-exec-1] er$RestTemplateWithNimbusDefaultTimeouts : Response 200 OK
2026-07-28T10:07:49.845+03:00 DEBUG 21376 --- [backend-06-26] [http-nio-8080-exec-1] er$RestTemplateWithNimbusDefaultTimeouts : Reading to [java.lang.String] as "application/json;charset=UTF-8"
2026-07-28T10:07:49.907+03:00 DEBUG 21376 --- [backend-06-26] [http-nio-8080-exec-1] o.s.s.oauth2.jwt.JwtTimestampValidator   : Jwt expired at 2026-07-28T07:06:37Z
2026-07-28T10:07:49.909+03:00 DEBUG 21376 --- [backend-06-26] [http-nio-8080-exec-1] o.s.s.o.s.r.a.JwtAuthenticationProvider  : Failed to authenticate since the JWT was invalid
2026-07-28T10:07:49.915+03:00 DEBUG 21376 --- [backend-06-26] [http-nio-8080-exec-1] o.s.s.authentication.ProviderManager     : Authentication failed with provider JwtAuthenticationProvider since An error occurred while attempting to decode the Jwt: Jwt expired at 2026-07-28T07:06:37Z
2026-07-28T10:08:05.806+03:00 DEBUG 21376 --- [backend-06-26] [http-nio-8080-exec-3] o.s.security.web.FilterChainProxy        : Securing GET /download/1785220792435_Screenshot 2026-07-14 184843.png
2026-07-28T10:08:05.816+03:00 DEBUG 21376 --- [backend-06-26] [http-nio-8080-exec-3] o.s.s.o.s.r.a.JwtAuthenticationProvider  : Authenticated token
2026-07-28T10:08:05.818+03:00 DEBUG 21376 --- [backend-06-26] [http-nio-8080-exec-3] .s.r.w.a.BearerTokenAuthenticationFilter : Set SecurityContextHolder to JwtAuthenticationToken [Principal=org.springframework.security.oauth2.jwt.Jwt@5c453155, Credentials=[PROTECTED], Authenticated=true, Details=WebAuthenticationDetails [RemoteIpAddress=0:0:0:0:0:0:0:1, SessionId=null], Granted Authorities=[SCOPE_email, ROLE_role_user, SCOPE_profile]]
2026-07-28T10:08:05.825+03:00 DEBUG 21376 --- [backend-06-26] [http-nio-8080-exec-3] o.s.security.web.FilterChainProxy        : Secured GET /download/1785220792435_Screenshot 2026-07-14 184843.png
2026-07-28T10:08:41.748+03:00  INFO 21376 --- [backend-06-26] [MessageBroker-1] o.s.w.s.c.WebSocketMessageBrokerStats    : WebSocketSession[0 current WS(0)-HttpStream(0)-HttpPoll(0), 0 total, 0 closed abnormally (0 connect failure, 0 send limit, 0 transport error)], stompSubProtocol[processed CONNECT(0)-CONNECTED(0)-DISCONNECT(0)], stompBrokerRelay[null], inboundChannel[pool size = 0, active threads = 0, queued tasks = 0, completed tasks = 0], outboundChannel[pool size = 0, active threads = 0, queued tasks = 0, completed tasks = 0], sockJsScheduler[pool size = 3, active threads = 1, queued tasks = 2, completed tasks = 0]
2026-07-28T10:38:41.756+03:00  INFO 21376 --- [backend-06-26] [MessageBroker-3] o.s.w.s.c.WebSocketMessageBrokerStats    : WebSocketSession[0 current WS(0)-HttpStream(0)-HttpPoll(0), 0 total, 0 closed abnormally (0 connect failure, 0 send limit, 0 transport error)], stompSubProtocol[processed CONNECT(0)-CONNECTED(0)-DISCONNECT(0)], stompBrokerRelay[null], inboundChannel[pool size = 0, active threads = 0, queued tasks = 0, completed tasks = 0], outboundChannel[pool size = 0, active threads = 0, queued tasks = 0, completed tasks = 0], sockJsScheduler[pool size = 4, active threads = 1, queued tasks = 2, completed tasks = 1]
2026-07-28T10:48:08.236+03:00  INFO 21376 --- [backend-06-26] [SpringApplicationShutdownHook] o.s.boot.tomcat.GracefulShutdown         : Commencing graceful shutdown. Waiting for active requests to complete
2026-07-28T10:48:08.270+03:00  INFO 21376 --- [backend-06-26] [tomcat-shutdown] o.s.boot.tomcat.GracefulShutdown         : Graceful shutdown complete
2026-07-28T10:48:08.275+03:00  INFO 21376 --- [backend-06-26] [SpringApplicationShutdownHook] o.s.m.s.b.SimpleBrokerMessageHandler     : Stopping...
2026-07-28T10:48:08.276+03:00  INFO 21376 --- [backend-06-26] [SpringApplicationShutdownHook] o.s.m.s.b.SimpleBrokerMessageHandler     : BrokerAvailabilityEvent[available=false, SimpleBrokerMessageHandler [org.springframework.messaging.simp.broker.DefaultSubscriptionRegistry@639f6a0d]]
2026-07-28T10:48:08.276+03:00  INFO 21376 --- [backend-06-26] [SpringApplicationShutdownHook] o.s.m.s.b.SimpleBrokerMessageHandler     : Stopped.
2026-07-28T10:48:08.322+03:00  INFO 21376 --- [backend-06-26] [SpringApplicationShutdownHook] j.LocalContainerEntityManagerFactoryBean : Closing JPA EntityManagerFactory for persistence unit 'default'
2026-07-28T10:48:08.333+03:00  INFO 21376 --- [backend-06-26] [SpringApplicationShutdownHook] com.zaxxer.hikari.HikariDataSource       : HikariPool-1 - Shutdown initiated...
2026-07-28T10:48:10.086+03:00  INFO 21376 --- [backend-06-26] [SpringApplicationShutdownHook] com.zaxxer.hikari.HikariDataSource       : HikariPool-1 - Shutdown completed.
2026-07-28T10:48:21.709+03:00  INFO 38304 --- [backend-06-26] [main] e.n.backend0626.Backend0626Application   : Starting Backend0626Application using Java 21.0.11 with PID 38304 (C:\Users\keyen\Documents\GitHub\backend-06-26\target\classes started by keyen in C:\Users\keyen\Documents\GitHub\backend-06-26)
2026-07-28T10:48:21.719+03:00  INFO 38304 --- [backend-06-26] [main] e.n.backend0626.Backend0626Application   : The following 1 profile is active: "prod"
2026-07-28T10:48:23.902+03:00  INFO 38304 --- [backend-06-26] [main] .s.d.r.c.RepositoryConfigurationDelegate : Multiple Spring Data modules found, entering strict repository configuration mode
2026-07-28T10:48:23.905+03:00  INFO 38304 --- [backend-06-26] [main] .s.d.r.c.RepositoryConfigurationDelegate : Bootstrapping Spring Data JPA repositories in DEFAULT mode.
2026-07-28T10:48:24.193+03:00  INFO 38304 --- [backend-06-26] [main] .s.d.r.c.RepositoryConfigurationDelegate : Finished Spring Data repository scanning in 272 ms. Found 5 JPA repository interfaces.
2026-07-28T10:48:24.258+03:00  INFO 38304 --- [backend-06-26] [main] .s.d.r.c.RepositoryConfigurationDelegate : Multiple Spring Data modules found, entering strict repository configuration mode
2026-07-28T10:48:24.259+03:00  INFO 38304 --- [backend-06-26] [main] .s.d.r.c.RepositoryConfigurationDelegate : Bootstrapping Spring Data Redis repositories in DEFAULT mode.
2026-07-28T10:48:24.289+03:00  INFO 38304 --- [backend-06-26] [main] .RepositoryConfigurationExtensionSupport : Spring Data Redis - Could not safely identify store assignment for repository candidate interface ee.nikolas.backend0626.repository.CategoryRepository; If you want this repository to be a Redis repository, consider annotating your entities with one of these annotations: org.springframework.data.redis.core.RedisHash (preferred), or consider extending one of the following types with your repository: org.springframework.data.keyvalue.repository.KeyValueRepository
2026-07-28T10:48:24.291+03:00  INFO 38304 --- [backend-06-26] [main] .RepositoryConfigurationExtensionSupport : Spring Data Redis - Could not safely identify store assignment for repository candidate interface ee.nikolas.backend0626.repository.FileDBRepository; If you want this repository to be a Redis repository, consider annotating your entities with one of these annotations: org.springframework.data.redis.core.RedisHash (preferred), or consider extending one of the following types with your repository: org.springframework.data.keyvalue.repository.KeyValueRepository
2026-07-28T10:48:24.292+03:00  INFO 38304 --- [backend-06-26] [main] .RepositoryConfigurationExtensionSupport : Spring Data Redis - Could not safely identify store assignment for repository candidate interface ee.nikolas.backend0626.repository.OrderRepository; If you want this repository to be a Redis repository, consider annotating your entities with one of these annotations: org.springframework.data.redis.core.RedisHash (preferred), or consider extending one of the following types with your repository: org.springframework.data.keyvalue.repository.KeyValueRepository
2026-07-28T10:48:24.293+03:00  INFO 38304 --- [backend-06-26] [main] .RepositoryConfigurationExtensionSupport : Spring Data Redis - Could not safely identify store assignment for repository candidate interface ee.nikolas.backend0626.repository.PersonRepository; If you want this repository to be a Redis repository, consider annotating your entities with one of these annotations: org.springframework.data.redis.core.RedisHash (preferred), or consider extending one of the following types with your repository: org.springframework.data.keyvalue.repository.KeyValueRepository
2026-07-28T10:48:24.294+03:00  INFO 38304 --- [backend-06-26] [main] .RepositoryConfigurationExtensionSupport : Spring Data Redis - Could not safely identify store assignment for repository candidate interface ee.nikolas.backend0626.repository.ProductRepository; If you want this repository to be a Redis repository, consider annotating your entities with one of these annotations: org.springframework.data.redis.core.RedisHash (preferred), or consider extending one of the following types with your repository: org.springframework.data.keyvalue.repository.KeyValueRepository
2026-07-28T10:48:24.294+03:00  INFO 38304 --- [backend-06-26] [main] .s.d.r.c.RepositoryConfigurationDelegate : Finished Spring Data repository scanning in 14 ms. Found 0 Redis repository interfaces.
2026-07-28T10:48:25.459+03:00  INFO 38304 --- [backend-06-26] [main] o.s.boot.tomcat.TomcatWebServer          : Tomcat initialized with port 8080 (http)
2026-07-28T10:48:25.482+03:00  INFO 38304 --- [backend-06-26] [main] o.apache.catalina.core.StandardService   : Starting service [Tomcat]
2026-07-28T10:48:25.482+03:00  INFO 38304 --- [backend-06-26] [main] o.apache.catalina.core.StandardEngine    : Starting Servlet engine: [Apache Tomcat/11.0.21]
2026-07-28T10:48:25.587+03:00  INFO 38304 --- [backend-06-26] [main] b.w.c.s.WebApplicationContextInitializer : Root WebApplicationContext: initialization completed in 3754 ms
2026-07-28T10:48:25.898+03:00  INFO 38304 --- [backend-06-26] [main] org.hibernate.orm.jpa                    : HHH008540: Processing PersistenceUnitInfo [name: default]
2026-07-28T10:48:25.975+03:00  INFO 38304 --- [backend-06-26] [main] org.hibernate.orm.core                   : HHH000001: Hibernate ORM core version 7.2.12.Final
2026-07-28T10:48:26.596+03:00  INFO 38304 --- [backend-06-26] [main] o.s.o.j.p.SpringPersistenceUnitInfo      : No LoadTimeWeaver setup: ignoring JPA class transformer
2026-07-28T10:48:26.634+03:00  INFO 38304 --- [backend-06-26] [main] com.zaxxer.hikari.HikariDataSource       : HikariPool-1 - Starting...
2026-07-28T10:48:28.642+03:00  INFO 38304 --- [backend-06-26] [main] com.zaxxer.hikari.pool.HikariPool        : HikariPool-1 - Added connection org.postgresql.jdbc.PgConnection@35840ecc
2026-07-28T10:48:28.645+03:00  INFO 38304 --- [backend-06-26] [main] com.zaxxer.hikari.HikariDataSource       : HikariPool-1 - Start completed.
2026-07-28T10:48:29.938+03:00  INFO 38304 --- [backend-06-26] [main] org.hibernate.orm.connections.pooling    : HHH10001005: Database info:
	Database JDBC URL [jdbc:postgresql://dpg-d9bi856cjfls738edtug-a.oregon-postgres.render.com/veebipood0626]
	Database driver: PostgreSQL JDBC Driver
	Database dialect: PostgreSQLDialect
	Database version: 18.4
	Default catalog/schema: veebipood0626/public
	Autocommit mode: undefined/unknown
	Isolation level: READ_COMMITTED [default READ_COMMITTED]
	JDBC fetch size: none
	Pool: DataSourceConnectionProvider
	Minimum pool size: undefined/unknown
	Maximum pool size: undefined/unknown
2026-07-28T10:48:31.768+03:00  INFO 38304 --- [backend-06-26] [main] org.hibernate.orm.core                   : HHH000489: No JTA platform available (set 'hibernate.transaction.jta.platform' to enable JTA platform integration)
2026-07-28T10:48:33.522+03:00  INFO 38304 --- [backend-06-26] [main] j.LocalContainerEntityManagerFactoryBean : Initialized JPA EntityManagerFactory for persistence unit 'default'
2026-07-28T10:48:33.767+03:00  INFO 38304 --- [backend-06-26] [main] o.s.d.j.r.query.QueryEnhancerFactories   : Hibernate is in classpath; If applicable, HQL parser will be used.
2026-07-28T10:48:35.217+03:00  WARN 38304 --- [backend-06-26] [main] JpaBaseConfiguration$JpaWebConfiguration : spring.jpa.open-in-view is enabled by default. Therefore, database queries may be performed during view rendering. Explicitly configure spring.jpa.open-in-view to disable this warning
2026-07-28T10:48:35.366+03:00 DEBUG 38304 --- [backend-06-26] [main] swordEncoderAuthenticationManagerBuilder : No authenticationProviders and no parentAuthenticationManager defined. Returning null.
2026-07-28T10:48:35.791+03:00 DEBUG 38304 --- [backend-06-26] [main] o.s.s.web.DefaultSecurityFilterChain     : Will secure any request with filters: DisableEncodeUrlFilter, WebAsyncManagerIntegrationFilter, SecurityContextHolderFilter, HeaderWriterFilter, LogoutFilter, OAuth2ProtectedResourceMetadataFilter, BearerTokenAuthenticationFilter, AuthenticationFilter, RequestCacheAwareFilter, SecurityContextHolderAwareRequestFilter, AnonymousAuthenticationFilter, SessionManagementFilter, ExceptionTranslationFilter, AuthorizationFilter
2026-07-28T10:48:36.595+03:00  INFO 38304 --- [backend-06-26] [main] o.s.v.b.OptionalValidatorFactoryBean     : Failed to set up a Bean Validation provider: jakarta.validation.NoProviderFoundException: Unable to create a Configuration, because no Jakarta Validation provider could be found. Add a provider like Hibernate Validator (RI) to your classpath.
2026-07-28T10:48:36.757+03:00  INFO 38304 --- [backend-06-26] [main] o.s.b.w.a.WelcomePageHandlerMapping      : Adding welcome page: class path resource [static/index.html]
2026-07-28T10:48:36.872+03:00  WARN 38304 --- [backend-06-26] [main] ConfigServletWebServerApplicationContext : Exception encountered during context initialization - cancelling refresh attempt: org.springframework.beans.factory.BeanCreationException: Error creating bean with name 'requestMappingHandlerMapping' defined in class path resource [org/springframework/boot/webmvc/autoconfigure/WebMvcAutoConfiguration$EnableWebMvcConfiguration.class]: Ambiguous mapping. Cannot map 'fileDbController' method 
ee.nikolas.backend0626.controller.FileDbController#uploadFile(MultipartFile)
to {POST [/upload]}: There is already 'fileController' bean method
ee.nikolas.backend0626.controller.FileController#handleFileUpload(MultipartFile, Jwt) mapped.
2026-07-28T10:48:36.922+03:00  INFO 38304 --- [backend-06-26] [main] j.LocalContainerEntityManagerFactoryBean : Closing JPA EntityManagerFactory for persistence unit 'default'
2026-07-28T10:48:36.928+03:00  INFO 38304 --- [backend-06-26] [main] com.zaxxer.hikari.HikariDataSource       : HikariPool-1 - Shutdown initiated...
2026-07-28T10:48:38.381+03:00  INFO 38304 --- [backend-06-26] [main] com.zaxxer.hikari.HikariDataSource       : HikariPool-1 - Shutdown completed.
2026-07-28T10:48:38.384+03:00  INFO 38304 --- [backend-06-26] [main] o.apache.catalina.core.StandardService   : Stopping service [Tomcat]
2026-07-28T10:48:38.396+03:00  INFO 38304 --- [backend-06-26] [main] .s.b.a.l.ConditionEvaluationReportLogger : 

Error starting ApplicationContext. To display the condition evaluation report re-run your application with 'debug' enabled.
2026-07-28T10:48:38.413+03:00 ERROR 38304 --- [backend-06-26] [main] o.s.boot.SpringApplication               : Application run failed

org.springframework.beans.factory.BeanCreationException: Error creating bean with name 'requestMappingHandlerMapping' defined in class path resource [org/springframework/boot/webmvc/autoconfigure/WebMvcAutoConfiguration$EnableWebMvcConfiguration.class]: Ambiguous mapping. Cannot map 'fileDbController' method 
ee.nikolas.backend0626.controller.FileDbController#uploadFile(MultipartFile)
to {POST [/upload]}: There is already 'fileController' bean method
ee.nikolas.backend0626.controller.FileController#handleFileUpload(MultipartFile, Jwt) mapped.
	at org.springframework.beans.factory.support.AbstractAutowireCapableBeanFactory.initializeBean(AbstractAutowireCapableBeanFactory.java:1817) ~[spring-beans-7.0.7.jar:7.0.7]
	at org.springframework.beans.factory.support.AbstractAutowireCapableBeanFactory.doCreateBean(AbstractAutowireCapableBeanFactory.java:603) ~[spring-beans-7.0.7.jar:7.0.7]
	at org.springframework.beans.factory.support.AbstractAutowireCapableBeanFactory.createBean(AbstractAutowireCapableBeanFactory.java:525) ~[spring-beans-7.0.7.jar:7.0.7]
	at org.springframework.beans.factory.support.AbstractBeanFactory.lambda$doGetBean$0(AbstractBeanFactory.java:333) ~[spring-beans-7.0.7.jar:7.0.7]
	at org.springframework.beans.factory.support.DefaultSingletonBeanRegistry.getSingleton(DefaultSingletonBeanRegistry.java:371) ~[spring-beans-7.0.7.jar:7.0.7]
	at org.springframework.beans.factory.support.AbstractBeanFactory.doGetBean(AbstractBeanFactory.java:331) ~[spring-beans-7.0.7.jar:7.0.7]
	at org.springframework.beans.factory.support.AbstractBeanFactory.getBean(AbstractBeanFactory.java:196) ~[spring-beans-7.0.7.jar:7.0.7]
	at org.springframework.beans.factory.support.DefaultListableBeanFactory.instantiateSingleton(DefaultListableBeanFactory.java:1218) ~[spring-beans-7.0.7.jar:7.0.7]
	at org.springframework.beans.factory.support.DefaultListableBeanFactory.preInstantiateSingleton(DefaultListableBeanFactory.java:1184) ~[spring-beans-7.0.7.jar:7.0.7]
	at org.springframework.beans.factory.support.DefaultListableBeanFactory.preInstantiateSingletons(DefaultListableBeanFactory.java:1121) ~[spring-beans-7.0.7.jar:7.0.7]
	at org.springframework.context.support.AbstractApplicationContext.finishBeanFactoryInitialization(AbstractApplicationContext.java:994) ~[spring-context-7.0.7.jar:7.0.7]
	at org.springframework.context.support.AbstractApplicationContext.refresh(AbstractApplicationContext.java:621) ~[spring-context-7.0.7.jar:7.0.7]
	at org.springframework.boot.web.server.servlet.context.ServletWebServerApplicationContext.refresh(ServletWebServerApplicationContext.java:143) ~[spring-boot-web-server-4.0.6.jar:4.0.6]
	at org.springframework.boot.SpringApplication.refresh(SpringApplication.java:756) ~[spring-boot-4.0.6.jar:4.0.6]
	at org.springframework.boot.SpringApplication.refreshContext(SpringApplication.java:445) ~[spring-boot-4.0.6.jar:4.0.6]
	at org.springframework.boot.SpringApplication.run(SpringApplication.java:321) ~[spring-boot-4.0.6.jar:4.0.6]
	at org.springframework.boot.SpringApplication.run(SpringApplication.java:1365) ~[spring-boot-4.0.6.jar:4.0.6]
	at org.springframework.boot.SpringApplication.run(SpringApplication.java:1354) ~[spring-boot-4.0.6.jar:4.0.6]
	at ee.nikolas.backend0626.Backend0626Application.main(Backend0626Application.java:16) ~[classes/:na]
Caused by: java.lang.IllegalStateException: Ambiguous mapping. Cannot map 'fileDbController' method 
ee.nikolas.backend0626.controller.FileDbController#uploadFile(MultipartFile)
to {POST [/upload]}: There is already 'fileController' bean method
ee.nikolas.backend0626.controller.FileController#handleFileUpload(MultipartFile, Jwt) mapped.
	at org.springframework.web.servlet.handler.AbstractHandlerMethodMapping$MappingRegistry.validateMethodMapping(AbstractHandlerMethodMapping.java:646) ~[spring-webmvc-7.0.7.jar:7.0.7]
	at org.springframework.web.servlet.handler.AbstractHandlerMethodMapping$MappingRegistry.register(AbstractHandlerMethodMapping.java:606) ~[spring-webmvc-7.0.7.jar:7.0.7]
	at org.springframework.web.servlet.handler.AbstractHandlerMethodMapping.registerHandlerMethod(AbstractHandlerMethodMapping.java:327) ~[spring-webmvc-7.0.7.jar:7.0.7]
	at org.springframework.web.servlet.mvc.method.annotation.RequestMappingHandlerMapping.registerHandlerMethod(RequestMappingHandlerMapping.java:459) ~[spring-webmvc-7.0.7.jar:7.0.7]
	at org.springframework.web.servlet.mvc.method.annotation.RequestMappingHandlerMapping.registerHandlerMethod(RequestMappingHandlerMapping.java:80) ~[spring-webmvc-7.0.7.jar:7.0.7]
	at org.springframework.web.servlet.handler.AbstractHandlerMethodMapping.lambda$detectHandlerMethods$1(AbstractHandlerMethodMapping.java:294) ~[spring-webmvc-7.0.7.jar:7.0.7]
	at java.base/java.util.LinkedHashMap.forEach(LinkedHashMap.java:986) ~[na:na]
	at org.springframework.web.servlet.handler.AbstractHandlerMethodMapping.detectHandlerMethods(AbstractHandlerMethodMapping.java:292) ~[spring-webmvc-7.0.7.jar:7.0.7]
	at org.springframework.web.servlet.handler.AbstractHandlerMethodMapping.processCandidateBean(AbstractHandlerMethodMapping.java:261) ~[spring-webmvc-7.0.7.jar:7.0.7]
	at org.springframework.web.servlet.handler.AbstractHandlerMethodMapping.initHandlerMethods(AbstractHandlerMethodMapping.java:220) ~[spring-webmvc-7.0.7.jar:7.0.7]
	at org.springframework.web.servlet.handler.AbstractHandlerMethodMapping.afterPropertiesSet(AbstractHandlerMethodMapping.java:208) ~[spring-webmvc-7.0.7.jar:7.0.7]
	at org.springframework.web.servlet.mvc.method.annotation.RequestMappingHandlerMapping.afterPropertiesSet(RequestMappingHandlerMapping.java:158) ~[spring-webmvc-7.0.7.jar:7.0.7]
	at org.springframework.beans.factory.support.AbstractAutowireCapableBeanFactory.invokeInitMethods(AbstractAutowireCapableBeanFactory.java:1864) ~[spring-beans-7.0.7.jar:7.0.7]
	at org.springframework.beans.factory.support.AbstractAutowireCapableBeanFactory.initializeBean(AbstractAutowireCapableBeanFactory.java:1813) ~[spring-beans-7.0.7.jar:7.0.7]
	... 18 common frames omitted

2026-07-28T10:50:04.769+03:00  INFO 9128 --- [backend-06-26] [main] e.n.backend0626.Backend0626Application   : Starting Backend0626Application using Java 21.0.11 with PID 9128 (C:\Users\keyen\Documents\GitHub\backend-06-26\target\classes started by keyen in C:\Users\keyen\Documents\GitHub\backend-06-26)
2026-07-28T10:50:04.790+03:00  INFO 9128 --- [backend-06-26] [main] e.n.backend0626.Backend0626Application   : The following 1 profile is active: "prod"
2026-07-28T10:50:07.048+03:00  INFO 9128 --- [backend-06-26] [main] .s.d.r.c.RepositoryConfigurationDelegate : Multiple Spring Data modules found, entering strict repository configuration mode
2026-07-28T10:50:07.053+03:00  INFO 9128 --- [backend-06-26] [main] .s.d.r.c.RepositoryConfigurationDelegate : Bootstrapping Spring Data JPA repositories in DEFAULT mode.
2026-07-28T10:50:07.390+03:00  INFO 9128 --- [backend-06-26] [main] .s.d.r.c.RepositoryConfigurationDelegate : Finished Spring Data repository scanning in 317 ms. Found 5 JPA repository interfaces.
2026-07-28T10:50:07.472+03:00  INFO 9128 --- [backend-06-26] [main] .s.d.r.c.RepositoryConfigurationDelegate : Multiple Spring Data modules found, entering strict repository configuration mode
2026-07-28T10:50:07.474+03:00  INFO 9128 --- [backend-06-26] [main] .s.d.r.c.RepositoryConfigurationDelegate : Bootstrapping Spring Data Redis repositories in DEFAULT mode.
2026-07-28T10:50:07.503+03:00  INFO 9128 --- [backend-06-26] [main] .RepositoryConfigurationExtensionSupport : Spring Data Redis - Could not safely identify store assignment for repository candidate interface ee.nikolas.backend0626.repository.CategoryRepository; If you want this repository to be a Redis repository, consider annotating your entities with one of these annotations: org.springframework.data.redis.core.RedisHash (preferred), or consider extending one of the following types with your repository: org.springframework.data.keyvalue.repository.KeyValueRepository
2026-07-28T10:50:07.505+03:00  INFO 9128 --- [backend-06-26] [main] .RepositoryConfigurationExtensionSupport : Spring Data Redis - Could not safely identify store assignment for repository candidate interface ee.nikolas.backend0626.repository.FileDBRepository; If you want this repository to be a Redis repository, consider annotating your entities with one of these annotations: org.springframework.data.redis.core.RedisHash (preferred), or consider extending one of the following types with your repository: org.springframework.data.keyvalue.repository.KeyValueRepository
2026-07-28T10:50:07.505+03:00  INFO 9128 --- [backend-06-26] [main] .RepositoryConfigurationExtensionSupport : Spring Data Redis - Could not safely identify store assignment for repository candidate interface ee.nikolas.backend0626.repository.OrderRepository; If you want this repository to be a Redis repository, consider annotating your entities with one of these annotations: org.springframework.data.redis.core.RedisHash (preferred), or consider extending one of the following types with your repository: org.springframework.data.keyvalue.repository.KeyValueRepository
2026-07-28T10:50:07.506+03:00  INFO 9128 --- [backend-06-26] [main] .RepositoryConfigurationExtensionSupport : Spring Data Redis - Could not safely identify store assignment for repository candidate interface ee.nikolas.backend0626.repository.PersonRepository; If you want this repository to be a Redis repository, consider annotating your entities with one of these annotations: org.springframework.data.redis.core.RedisHash (preferred), or consider extending one of the following types with your repository: org.springframework.data.keyvalue.repository.KeyValueRepository
2026-07-28T10:50:07.506+03:00  INFO 9128 --- [backend-06-26] [main] .RepositoryConfigurationExtensionSupport : Spring Data Redis - Could not safely identify store assignment for repository candidate interface ee.nikolas.backend0626.repository.ProductRepository; If you want this repository to be a Redis repository, consider annotating your entities with one of these annotations: org.springframework.data.redis.core.RedisHash (preferred), or consider extending one of the following types with your repository: org.springframework.data.keyvalue.repository.KeyValueRepository
2026-07-28T10:50:07.506+03:00  INFO 9128 --- [backend-06-26] [main] .s.d.r.c.RepositoryConfigurationDelegate : Finished Spring Data repository scanning in 13 ms. Found 0 Redis repository interfaces.
2026-07-28T10:50:08.799+03:00  INFO 9128 --- [backend-06-26] [main] o.s.boot.tomcat.TomcatWebServer          : Tomcat initialized with port 8080 (http)
2026-07-28T10:50:08.824+03:00  INFO 9128 --- [backend-06-26] [main] o.apache.catalina.core.StandardService   : Starting service [Tomcat]
2026-07-28T10:50:08.826+03:00  INFO 9128 --- [backend-06-26] [main] o.apache.catalina.core.StandardEngine    : Starting Servlet engine: [Apache Tomcat/11.0.21]
2026-07-28T10:50:08.959+03:00  INFO 9128 --- [backend-06-26] [main] b.w.c.s.WebApplicationContextInitializer : Root WebApplicationContext: initialization completed in 3966 ms
2026-07-28T10:50:09.354+03:00  INFO 9128 --- [backend-06-26] [main] org.hibernate.orm.jpa                    : HHH008540: Processing PersistenceUnitInfo [name: default]
2026-07-28T10:50:09.445+03:00  INFO 9128 --- [backend-06-26] [main] org.hibernate.orm.core                   : HHH000001: Hibernate ORM core version 7.2.12.Final
2026-07-28T10:50:10.243+03:00  INFO 9128 --- [backend-06-26] [main] o.s.o.j.p.SpringPersistenceUnitInfo      : No LoadTimeWeaver setup: ignoring JPA class transformer
2026-07-28T10:50:10.298+03:00  INFO 9128 --- [backend-06-26] [main] com.zaxxer.hikari.HikariDataSource       : HikariPool-1 - Starting...
2026-07-28T10:50:12.366+03:00  INFO 9128 --- [backend-06-26] [main] com.zaxxer.hikari.pool.HikariPool        : HikariPool-1 - Added connection org.postgresql.jdbc.PgConnection@20d3fff4
2026-07-28T10:50:12.369+03:00  INFO 9128 --- [backend-06-26] [main] com.zaxxer.hikari.HikariDataSource       : HikariPool-1 - Start completed.
2026-07-28T10:50:13.666+03:00  INFO 9128 --- [backend-06-26] [main] org.hibernate.orm.connections.pooling    : HHH10001005: Database info:
	Database JDBC URL [jdbc:postgresql://dpg-d9bi856cjfls738edtug-a.oregon-postgres.render.com/veebipood0626]
	Database driver: PostgreSQL JDBC Driver
	Database dialect: PostgreSQLDialect
	Database version: 18.4
	Default catalog/schema: veebipood0626/public
	Autocommit mode: undefined/unknown
	Isolation level: READ_COMMITTED [default READ_COMMITTED]
	JDBC fetch size: none
	Pool: DataSourceConnectionProvider
	Minimum pool size: undefined/unknown
	Maximum pool size: undefined/unknown
2026-07-28T10:50:15.446+03:00  INFO 9128 --- [backend-06-26] [main] org.hibernate.orm.core                   : HHH000489: No JTA platform available (set 'hibernate.transaction.jta.platform' to enable JTA platform integration)
2026-07-28T10:50:17.259+03:00  INFO 9128 --- [backend-06-26] [main] j.LocalContainerEntityManagerFactoryBean : Initialized JPA EntityManagerFactory for persistence unit 'default'
2026-07-28T10:50:17.445+03:00  INFO 9128 --- [backend-06-26] [main] o.s.d.j.r.query.QueryEnhancerFactories   : Hibernate is in classpath; If applicable, HQL parser will be used.
2026-07-28T10:50:18.729+03:00  WARN 9128 --- [backend-06-26] [main] JpaBaseConfiguration$JpaWebConfiguration : spring.jpa.open-in-view is enabled by default. Therefore, database queries may be performed during view rendering. Explicitly configure spring.jpa.open-in-view to disable this warning
2026-07-28T10:50:18.894+03:00 DEBUG 9128 --- [backend-06-26] [main] swordEncoderAuthenticationManagerBuilder : No authenticationProviders and no parentAuthenticationManager defined. Returning null.
2026-07-28T10:50:19.300+03:00 DEBUG 9128 --- [backend-06-26] [main] o.s.s.web.DefaultSecurityFilterChain     : Will secure any request with filters: DisableEncodeUrlFilter, WebAsyncManagerIntegrationFilter, SecurityContextHolderFilter, HeaderWriterFilter, LogoutFilter, OAuth2ProtectedResourceMetadataFilter, BearerTokenAuthenticationFilter, AuthenticationFilter, RequestCacheAwareFilter, SecurityContextHolderAwareRequestFilter, AnonymousAuthenticationFilter, SessionManagementFilter, ExceptionTranslationFilter, AuthorizationFilter
2026-07-28T10:50:20.041+03:00  INFO 9128 --- [backend-06-26] [main] o.s.v.b.OptionalValidatorFactoryBean     : Failed to set up a Bean Validation provider: jakarta.validation.NoProviderFoundException: Unable to create a Configuration, because no Jakarta Validation provider could be found. Add a provider like Hibernate Validator (RI) to your classpath.
2026-07-28T10:50:20.153+03:00  INFO 9128 --- [backend-06-26] [main] o.s.b.w.a.WelcomePageHandlerMapping      : Adding welcome page: class path resource [static/index.html]
2026-07-28T10:50:21.005+03:00  INFO 9128 --- [backend-06-26] [main] o.s.m.s.b.SimpleBrokerMessageHandler     : Starting...
2026-07-28T10:50:21.006+03:00  INFO 9128 --- [backend-06-26] [main] o.s.m.s.b.SimpleBrokerMessageHandler     : BrokerAvailabilityEvent[available=true, SimpleBrokerMessageHandler [org.springframework.messaging.simp.broker.DefaultSubscriptionRegistry@2f84848e]]
2026-07-28T10:50:21.008+03:00  INFO 9128 --- [backend-06-26] [main] o.s.m.s.b.SimpleBrokerMessageHandler     : Started.
2026-07-28T10:50:21.025+03:00  INFO 9128 --- [backend-06-26] [main] o.s.boot.tomcat.TomcatWebServer          : Tomcat started on port 8080 (http) with context path '/'
2026-07-28T10:50:21.040+03:00  INFO 9128 --- [backend-06-26] [main] e.n.backend0626.Backend0626Application   : Started Backend0626Application in 18.023 seconds (process running for 20.08)
2026-07-28T10:51:21.015+03:00  INFO 9128 --- [backend-06-26] [MessageBroker-1] o.s.w.s.c.WebSocketMessageBrokerStats    : WebSocketSession[0 current WS(0)-HttpStream(0)-HttpPoll(0), 0 total, 0 closed abnormally (0 connect failure, 0 send limit, 0 transport error)], stompSubProtocol[processed CONNECT(0)-CONNECTED(0)-DISCONNECT(0)], stompBrokerRelay[null], inboundChannel[pool size = 0, active threads = 0, queued tasks = 0, completed tasks = 0], outboundChannel[pool size = 0, active threads = 0, queued tasks = 0, completed tasks = 0], sockJsScheduler[pool size = 3, active threads = 1, queued tasks = 2, completed tasks = 0]
2026-07-28T10:51:42.196+03:00  INFO 9128 --- [backend-06-26] [http-nio-8080-exec-1] o.a.c.c.C.[Tomcat].[localhost].[/]       : Initializing Spring DispatcherServlet 'dispatcherServlet'
2026-07-28T10:51:42.197+03:00  INFO 9128 --- [backend-06-26] [http-nio-8080-exec-1] o.s.web.servlet.DispatcherServlet        : Initializing Servlet 'dispatcherServlet'
2026-07-28T10:51:42.204+03:00  INFO 9128 --- [backend-06-26] [http-nio-8080-exec-1] o.s.web.servlet.DispatcherServlet        : Completed initialization in 5 ms
2026-07-28T10:51:42.228+03:00 DEBUG 9128 --- [backend-06-26] [http-nio-8080-exec-1] o.s.security.web.FilterChainProxy        : Securing POST /upload
2026-07-28T10:51:42.530+03:00 DEBUG 9128 --- [backend-06-26] [http-nio-8080-exec-1] er$RestTemplateWithNimbusDefaultTimeouts : HTTP GET http://localhost:9090/realms/webshop-users/protocol/openid-connect/certs
2026-07-28T10:51:42.560+03:00 DEBUG 9128 --- [backend-06-26] [http-nio-8080-exec-1] er$RestTemplateWithNimbusDefaultTimeouts : Accept=[text/plain, application/json, application/yaml, application/*+json, */*]
2026-07-28T10:51:42.625+03:00 DEBUG 9128 --- [backend-06-26] [http-nio-8080-exec-1] er$RestTemplateWithNimbusDefaultTimeouts : Response 200 OK
2026-07-28T10:51:42.630+03:00 DEBUG 9128 --- [backend-06-26] [http-nio-8080-exec-1] er$RestTemplateWithNimbusDefaultTimeouts : Reading to [java.lang.String] as "application/json;charset=UTF-8"
2026-07-28T10:51:42.708+03:00 DEBUG 9128 --- [backend-06-26] [http-nio-8080-exec-1] o.s.s.o.s.r.a.JwtAuthenticationProvider  : Authenticated token
2026-07-28T10:51:42.712+03:00 DEBUG 9128 --- [backend-06-26] [http-nio-8080-exec-1] .s.r.w.a.BearerTokenAuthenticationFilter : Set SecurityContextHolder to JwtAuthenticationToken [Principal=org.springframework.security.oauth2.jwt.Jwt@55c08ed, Credentials=[PROTECTED], Authenticated=true, Details=WebAuthenticationDetails [RemoteIpAddress=0:0:0:0:0:0:0:1, SessionId=null], Granted Authorities=[SCOPE_email, ROLE_role_user, SCOPE_profile]]
2026-07-28T10:51:42.720+03:00 DEBUG 9128 --- [backend-06-26] [http-nio-8080-exec-1] o.s.security.web.FilterChainProxy        : Secured POST /upload
2026-07-28T10:52:31.233+03:00 DEBUG 9128 --- [backend-06-26] [http-nio-8080-exec-3] o.s.security.web.FilterChainProxy        : Securing POST /upload
2026-07-28T10:52:31.240+03:00 DEBUG 9128 --- [backend-06-26] [http-nio-8080-exec-3] o.s.s.o.s.r.a.JwtAuthenticationProvider  : Authenticated token
2026-07-28T10:52:31.241+03:00 DEBUG 9128 --- [backend-06-26] [http-nio-8080-exec-3] .s.r.w.a.BearerTokenAuthenticationFilter : Set SecurityContextHolder to JwtAuthenticationToken [Principal=org.springframework.security.oauth2.jwt.Jwt@55c08ed, Credentials=[PROTECTED], Authenticated=true, Details=WebAuthenticationDetails [RemoteIpAddress=0:0:0:0:0:0:0:1, SessionId=null], Granted Authorities=[SCOPE_email, ROLE_role_user, SCOPE_profile]]
2026-07-28T10:52:31.242+03:00 DEBUG 9128 --- [backend-06-26] [http-nio-8080-exec-3] o.s.security.web.FilterChainProxy        : Secured POST /upload
2026-07-28T10:57:26.244+03:00 DEBUG 9128 --- [backend-06-26] [http-nio-8080-exec-7] o.s.security.web.FilterChainProxy        : Securing GET /files/1
2026-07-28T10:57:26.248+03:00 DEBUG 9128 --- [backend-06-26] [http-nio-8080-exec-7] er$RestTemplateWithNimbusDefaultTimeouts : HTTP GET http://localhost:9090/realms/webshop-users/protocol/openid-connect/certs
2026-07-28T10:57:26.250+03:00 DEBUG 9128 --- [backend-06-26] [http-nio-8080-exec-7] er$RestTemplateWithNimbusDefaultTimeouts : Accept=[text/plain, application/json, application/yaml, application/*+json, */*]
2026-07-28T10:57:26.292+03:00 DEBUG 9128 --- [backend-06-26] [http-nio-8080-exec-7] er$RestTemplateWithNimbusDefaultTimeouts : Response 200 OK
2026-07-28T10:57:26.293+03:00 DEBUG 9128 --- [backend-06-26] [http-nio-8080-exec-7] er$RestTemplateWithNimbusDefaultTimeouts : Reading to [java.lang.String] as "application/json;charset=UTF-8"
2026-07-28T10:57:26.304+03:00 DEBUG 9128 --- [backend-06-26] [http-nio-8080-exec-7] o.s.s.oauth2.jwt.JwtTimestampValidator   : Jwt expired at 2026-07-28T07:55:57Z
2026-07-28T10:57:26.306+03:00 DEBUG 9128 --- [backend-06-26] [http-nio-8080-exec-7] o.s.s.o.s.r.a.JwtAuthenticationProvider  : Failed to authenticate since the JWT was invalid
2026-07-28T10:57:26.311+03:00 DEBUG 9128 --- [backend-06-26] [http-nio-8080-exec-7] o.s.s.authentication.ProviderManager     : Authentication failed with provider JwtAuthenticationProvider since An error occurred while attempting to decode the Jwt: Jwt expired at 2026-07-28T07:55:57Z
2026-07-28T10:57:46.116+03:00 DEBUG 9128 --- [backend-06-26] [http-nio-8080-exec-6] o.s.security.web.FilterChainProxy        : Securing GET /files/1
2026-07-28T10:57:46.124+03:00 DEBUG 9128 --- [backend-06-26] [http-nio-8080-exec-6] o.s.s.o.s.r.a.JwtAuthenticationProvider  : Authenticated token
2026-07-28T10:57:46.126+03:00 DEBUG 9128 --- [backend-06-26] [http-nio-8080-exec-6] .s.r.w.a.BearerTokenAuthenticationFilter : Set SecurityContextHolder to JwtAuthenticationToken [Principal=org.springframework.security.oauth2.jwt.Jwt@4710d7b0, Credentials=[PROTECTED], Authenticated=true, Details=WebAuthenticationDetails [RemoteIpAddress=0:0:0:0:0:0:0:1, SessionId=null], Granted Authorities=[SCOPE_email, ROLE_role_user, SCOPE_profile]]
2026-07-28T10:57:46.128+03:00 DEBUG 9128 --- [backend-06-26] [http-nio-8080-exec-6] o.s.security.web.FilterChainProxy        : Secured GET /files/1
2026-07-28T10:58:24.310+03:00 DEBUG 9128 --- [backend-06-26] [http-nio-8080-exec-9] o.s.security.web.FilterChainProxy        : Securing GET /files
2026-07-28T10:58:24.326+03:00 DEBUG 9128 --- [backend-06-26] [http-nio-8080-exec-9] o.s.s.o.s.r.a.JwtAuthenticationProvider  : Authenticated token
2026-07-28T10:58:24.327+03:00 DEBUG 9128 --- [backend-06-26] [http-nio-8080-exec-9] .s.r.w.a.BearerTokenAuthenticationFilter : Set SecurityContextHolder to JwtAuthenticationToken [Principal=org.springframework.security.oauth2.jwt.Jwt@4710d7b0, Credentials=[PROTECTED], Authenticated=true, Details=WebAuthenticationDetails [RemoteIpAddress=0:0:0:0:0:0:0:1, SessionId=null], Granted Authorities=[SCOPE_email, ROLE_role_user, SCOPE_profile]]
2026-07-28T10:58:24.327+03:00 DEBUG 9128 --- [backend-06-26] [http-nio-8080-exec-9] o.s.security.web.FilterChainProxy        : Secured GET /files
2026-07-28T10:59:22.773+03:00 DEBUG 9128 --- [backend-06-26] [http-nio-8080-exec-8] o.s.security.web.FilterChainProxy        : Securing GET /files/fbe9eb51-8e78-4122-a65b-4013cf033a99
2026-07-28T10:59:22.778+03:00 DEBUG 9128 --- [backend-06-26] [http-nio-8080-exec-8] o.s.s.o.s.r.a.JwtAuthenticationProvider  : Authenticated token
2026-07-28T10:59:22.779+03:00 DEBUG 9128 --- [backend-06-26] [http-nio-8080-exec-8] .s.r.w.a.BearerTokenAuthenticationFilter : Set SecurityContextHolder to JwtAuthenticationToken [Principal=org.springframework.security.oauth2.jwt.Jwt@4710d7b0, Credentials=[PROTECTED], Authenticated=true, Details=WebAuthenticationDetails [RemoteIpAddress=0:0:0:0:0:0:0:1, SessionId=null], Granted Authorities=[SCOPE_email, ROLE_role_user, SCOPE_profile]]
2026-07-28T10:59:22.780+03:00 DEBUG 9128 --- [backend-06-26] [http-nio-8080-exec-8] o.s.security.web.FilterChainProxy        : Secured GET /files/fbe9eb51-8e78-4122-a65b-4013cf033a99
2026-07-28T11:00:45.128+03:00 DEBUG 9128 --- [backend-06-26] [http-nio-8080-exec-1] o.s.security.web.FilterChainProxy        : Securing GET /files/fbe9eb51-8e78-4122-a65b-4013cf033a99
2026-07-28T11:00:45.135+03:00 DEBUG 9128 --- [backend-06-26] [http-nio-8080-exec-1] o.s.s.o.s.r.a.JwtAuthenticationProvider  : Authenticated token
2026-07-28T11:00:45.136+03:00 DEBUG 9128 --- [backend-06-26] [http-nio-8080-exec-1] .s.r.w.a.BearerTokenAuthenticationFilter : Set SecurityContextHolder to JwtAuthenticationToken [Principal=org.springframework.security.oauth2.jwt.Jwt@4710d7b0, Credentials=[PROTECTED], Authenticated=true, Details=WebAuthenticationDetails [RemoteIpAddress=0:0:0:0:0:0:0:1, SessionId=null], Granted Authorities=[SCOPE_email, ROLE_role_user, SCOPE_profile]]
2026-07-28T11:00:45.137+03:00 DEBUG 9128 --- [backend-06-26] [http-nio-8080-exec-1] o.s.security.web.FilterChainProxy        : Secured GET /files/fbe9eb51-8e78-4122-a65b-4013cf033a99
2026-07-28T11:00:50.725+03:00  INFO 9128 --- [backend-06-26] [SpringApplicationShutdownHook] o.s.boot.tomcat.GracefulShutdown         : Commencing graceful shutdown. Waiting for active requests to complete
2026-07-28T11:00:50.763+03:00  INFO 9128 --- [backend-06-26] [tomcat-shutdown] o.s.boot.tomcat.GracefulShutdown         : Graceful shutdown complete
2026-07-28T11:00:50.768+03:00  INFO 9128 --- [backend-06-26] [SpringApplicationShutdownHook] o.s.m.s.b.SimpleBrokerMessageHandler     : Stopping...
2026-07-28T11:00:50.770+03:00  INFO 9128 --- [backend-06-26] [SpringApplicationShutdownHook] o.s.m.s.b.SimpleBrokerMessageHandler     : BrokerAvailabilityEvent[available=false, SimpleBrokerMessageHandler [org.springframework.messaging.simp.broker.DefaultSubscriptionRegistry@2f84848e]]
2026-07-28T11:00:50.770+03:00  INFO 9128 --- [backend-06-26] [SpringApplicationShutdownHook] o.s.m.s.b.SimpleBrokerMessageHandler     : Stopped.
2026-07-28T11:00:50.823+03:00  INFO 9128 --- [backend-06-26] [SpringApplicationShutdownHook] j.LocalContainerEntityManagerFactoryBean : Closing JPA EntityManagerFactory for persistence unit 'default'
2026-07-28T11:00:50.832+03:00  INFO 9128 --- [backend-06-26] [SpringApplicationShutdownHook] com.zaxxer.hikari.HikariDataSource       : HikariPool-1 - Shutdown initiated...
2026-07-28T11:00:52.566+03:00  INFO 9128 --- [backend-06-26] [SpringApplicationShutdownHook] com.zaxxer.hikari.HikariDataSource       : HikariPool-1 - Shutdown completed.
2026-07-28T11:01:05.864+03:00  INFO 26224 --- [backend-06-26] [main] e.n.backend0626.Backend0626Application   : Starting Backend0626Application using Java 21.0.11 with PID 26224 (C:\Users\keyen\Documents\GitHub\backend-06-26\target\classes started by keyen in C:\Users\keyen\Documents\GitHub\backend-06-26)
2026-07-28T11:01:05.883+03:00  INFO 26224 --- [backend-06-26] [main] e.n.backend0626.Backend0626Application   : The following 1 profile is active: "prod"
2026-07-28T11:01:08.944+03:00  INFO 26224 --- [backend-06-26] [main] .s.d.r.c.RepositoryConfigurationDelegate : Multiple Spring Data modules found, entering strict repository configuration mode
2026-07-28T11:01:08.948+03:00  INFO 26224 --- [backend-06-26] [main] .s.d.r.c.RepositoryConfigurationDelegate : Bootstrapping Spring Data JPA repositories in DEFAULT mode.
2026-07-28T11:01:09.455+03:00  INFO 26224 --- [backend-06-26] [main] .s.d.r.c.RepositoryConfigurationDelegate : Finished Spring Data repository scanning in 482 ms. Found 5 JPA repository interfaces.
2026-07-28T11:01:09.566+03:00  INFO 26224 --- [backend-06-26] [main] .s.d.r.c.RepositoryConfigurationDelegate : Multiple Spring Data modules found, entering strict repository configuration mode
2026-07-28T11:01:09.570+03:00  INFO 26224 --- [backend-06-26] [main] .s.d.r.c.RepositoryConfigurationDelegate : Bootstrapping Spring Data Redis repositories in DEFAULT mode.
2026-07-28T11:01:09.616+03:00  INFO 26224 --- [backend-06-26] [main] .RepositoryConfigurationExtensionSupport : Spring Data Redis - Could not safely identify store assignment for repository candidate interface ee.nikolas.backend0626.repository.CategoryRepository; If you want this repository to be a Redis repository, consider annotating your entities with one of these annotations: org.springframework.data.redis.core.RedisHash (preferred), or consider extending one of the following types with your repository: org.springframework.data.keyvalue.repository.KeyValueRepository
2026-07-28T11:01:09.620+03:00  INFO 26224 --- [backend-06-26] [main] .RepositoryConfigurationExtensionSupport : Spring Data Redis - Could not safely identify store assignment for repository candidate interface ee.nikolas.backend0626.repository.FileDBRepository; If you want this repository to be a Redis repository, consider annotating your entities with one of these annotations: org.springframework.data.redis.core.RedisHash (preferred), or consider extending one of the following types with your repository: org.springframework.data.keyvalue.repository.KeyValueRepository
2026-07-28T11:01:09.621+03:00  INFO 26224 --- [backend-06-26] [main] .RepositoryConfigurationExtensionSupport : Spring Data Redis - Could not safely identify store assignment for repository candidate interface ee.nikolas.backend0626.repository.OrderRepository; If you want this repository to be a Redis repository, consider annotating your entities with one of these annotations: org.springframework.data.redis.core.RedisHash (preferred), or consider extending one of the following types with your repository: org.springframework.data.keyvalue.repository.KeyValueRepository
2026-07-28T11:01:09.623+03:00  INFO 26224 --- [backend-06-26] [main] .RepositoryConfigurationExtensionSupport : Spring Data Redis - Could not safely identify store assignment for repository candidate interface ee.nikolas.backend0626.repository.PersonRepository; If you want this repository to be a Redis repository, consider annotating your entities with one of these annotations: org.springframework.data.redis.core.RedisHash (preferred), or consider extending one of the following types with your repository: org.springframework.data.keyvalue.repository.KeyValueRepository
2026-07-28T11:01:09.623+03:00  INFO 26224 --- [backend-06-26] [main] .RepositoryConfigurationExtensionSupport : Spring Data Redis - Could not safely identify store assignment for repository candidate interface ee.nikolas.backend0626.repository.ProductRepository; If you want this repository to be a Redis repository, consider annotating your entities with one of these annotations: org.springframework.data.redis.core.RedisHash (preferred), or consider extending one of the following types with your repository: org.springframework.data.keyvalue.repository.KeyValueRepository
2026-07-28T11:01:09.624+03:00  INFO 26224 --- [backend-06-26] [main] .s.d.r.c.RepositoryConfigurationDelegate : Finished Spring Data repository scanning in 27 ms. Found 0 Redis repository interfaces.
2026-07-28T11:01:11.394+03:00  INFO 26224 --- [backend-06-26] [main] o.s.boot.tomcat.TomcatWebServer          : Tomcat initialized with port 8080 (http)
2026-07-28T11:01:11.427+03:00  INFO 26224 --- [backend-06-26] [main] o.apache.catalina.core.StandardService   : Starting service [Tomcat]
2026-07-28T11:01:11.429+03:00  INFO 26224 --- [backend-06-26] [main] o.apache.catalina.core.StandardEngine    : Starting Servlet engine: [Apache Tomcat/11.0.21]
2026-07-28T11:01:11.564+03:00  INFO 26224 --- [backend-06-26] [main] b.w.c.s.WebApplicationContextInitializer : Root WebApplicationContext: initialization completed in 5521 ms
2026-07-28T11:01:11.983+03:00  INFO 26224 --- [backend-06-26] [main] org.hibernate.orm.jpa                    : HHH008540: Processing PersistenceUnitInfo [name: default]
2026-07-28T11:01:12.085+03:00  INFO 26224 --- [backend-06-26] [main] org.hibernate.orm.core                   : HHH000001: Hibernate ORM core version 7.2.12.Final
2026-07-28T11:01:13.204+03:00  INFO 26224 --- [backend-06-26] [main] o.s.o.j.p.SpringPersistenceUnitInfo      : No LoadTimeWeaver setup: ignoring JPA class transformer
2026-07-28T11:01:13.275+03:00  INFO 26224 --- [backend-06-26] [main] com.zaxxer.hikari.HikariDataSource       : HikariPool-1 - Starting...
2026-07-28T11:01:15.339+03:00  INFO 26224 --- [backend-06-26] [main] com.zaxxer.hikari.pool.HikariPool        : HikariPool-1 - Added connection org.postgresql.jdbc.PgConnection@20d3fff4
2026-07-28T11:01:15.343+03:00  INFO 26224 --- [backend-06-26] [main] com.zaxxer.hikari.HikariDataSource       : HikariPool-1 - Start completed.
2026-07-28T11:01:16.606+03:00  INFO 26224 --- [backend-06-26] [main] org.hibernate.orm.connections.pooling    : HHH10001005: Database info:
	Database JDBC URL [jdbc:postgresql://dpg-d9bi856cjfls738edtug-a.oregon-postgres.render.com/veebipood0626]
	Database driver: PostgreSQL JDBC Driver
	Database dialect: PostgreSQLDialect
	Database version: 18.4
	Default catalog/schema: veebipood0626/public
	Autocommit mode: undefined/unknown
	Isolation level: READ_COMMITTED [default READ_COMMITTED]
	JDBC fetch size: none
	Pool: DataSourceConnectionProvider
	Minimum pool size: undefined/unknown
	Maximum pool size: undefined/unknown
2026-07-28T11:01:18.376+03:00  INFO 26224 --- [backend-06-26] [main] org.hibernate.orm.core                   : HHH000489: No JTA platform available (set 'hibernate.transaction.jta.platform' to enable JTA platform integration)
2026-07-28T11:01:20.063+03:00  INFO 26224 --- [backend-06-26] [main] j.LocalContainerEntityManagerFactoryBean : Initialized JPA EntityManagerFactory for persistence unit 'default'
2026-07-28T11:01:20.245+03:00  INFO 26224 --- [backend-06-26] [main] o.s.d.j.r.query.QueryEnhancerFactories   : Hibernate is in classpath; If applicable, HQL parser will be used.
2026-07-28T11:01:21.440+03:00  WARN 26224 --- [backend-06-26] [main] JpaBaseConfiguration$JpaWebConfiguration : spring.jpa.open-in-view is enabled by default. Therefore, database queries may be performed during view rendering. Explicitly configure spring.jpa.open-in-view to disable this warning
2026-07-28T11:01:21.600+03:00 DEBUG 26224 --- [backend-06-26] [main] swordEncoderAuthenticationManagerBuilder : No authenticationProviders and no parentAuthenticationManager defined. Returning null.
2026-07-28T11:01:22.014+03:00 DEBUG 26224 --- [backend-06-26] [main] o.s.s.web.DefaultSecurityFilterChain     : Will secure any request with filters: DisableEncodeUrlFilter, WebAsyncManagerIntegrationFilter, SecurityContextHolderFilter, HeaderWriterFilter, LogoutFilter, OAuth2ProtectedResourceMetadataFilter, BearerTokenAuthenticationFilter, AuthenticationFilter, RequestCacheAwareFilter, SecurityContextHolderAwareRequestFilter, AnonymousAuthenticationFilter, SessionManagementFilter, ExceptionTranslationFilter, AuthorizationFilter
2026-07-28T11:01:22.829+03:00  INFO 26224 --- [backend-06-26] [main] o.s.v.b.OptionalValidatorFactoryBean     : Failed to set up a Bean Validation provider: jakarta.validation.NoProviderFoundException: Unable to create a Configuration, because no Jakarta Validation provider could be found. Add a provider like Hibernate Validator (RI) to your classpath.
2026-07-28T11:01:22.967+03:00  INFO 26224 --- [backend-06-26] [main] o.s.b.w.a.WelcomePageHandlerMapping      : Adding welcome page: class path resource [static/index.html]
2026-07-28T11:01:24.347+03:00  INFO 26224 --- [backend-06-26] [main] o.s.m.s.b.SimpleBrokerMessageHandler     : Starting...
2026-07-28T11:01:24.350+03:00  INFO 26224 --- [backend-06-26] [main] o.s.m.s.b.SimpleBrokerMessageHandler     : BrokerAvailabilityEvent[available=true, SimpleBrokerMessageHandler [org.springframework.messaging.simp.broker.DefaultSubscriptionRegistry@79462469]]
2026-07-28T11:01:24.352+03:00  INFO 26224 --- [backend-06-26] [main] o.s.m.s.b.SimpleBrokerMessageHandler     : Started.
2026-07-28T11:01:24.394+03:00  INFO 26224 --- [backend-06-26] [main] o.s.boot.tomcat.TomcatWebServer          : Tomcat started on port 8080 (http) with context path '/'
2026-07-28T11:01:24.436+03:00  INFO 26224 --- [backend-06-26] [main] e.n.backend0626.Backend0626Application   : Started Backend0626Application in 20.675 seconds (process running for 23.007)
2026-07-28T11:01:26.527+03:00  INFO 26224 --- [backend-06-26] [http-nio-8080-exec-1] o.a.c.c.C.[Tomcat].[localhost].[/]       : Initializing Spring DispatcherServlet 'dispatcherServlet'
2026-07-28T11:01:26.530+03:00  INFO 26224 --- [backend-06-26] [http-nio-8080-exec-1] o.s.web.servlet.DispatcherServlet        : Initializing Servlet 'dispatcherServlet'
2026-07-28T11:01:26.538+03:00  INFO 26224 --- [backend-06-26] [http-nio-8080-exec-1] o.s.web.servlet.DispatcherServlet        : Completed initialization in 6 ms
2026-07-28T11:01:26.567+03:00 DEBUG 26224 --- [backend-06-26] [http-nio-8080-exec-1] o.s.security.web.FilterChainProxy        : Securing GET /files/fbe9eb51-8e78-4122-a65b-4013cf033a99
2026-07-28T11:01:26.892+03:00 DEBUG 26224 --- [backend-06-26] [http-nio-8080-exec-1] er$RestTemplateWithNimbusDefaultTimeouts : HTTP GET http://localhost:9090/realms/webshop-users/protocol/openid-connect/certs
2026-07-28T11:01:26.926+03:00 DEBUG 26224 --- [backend-06-26] [http-nio-8080-exec-1] er$RestTemplateWithNimbusDefaultTimeouts : Accept=[text/plain, application/json, application/yaml, application/*+json, */*]
2026-07-28T11:01:26.980+03:00 DEBUG 26224 --- [backend-06-26] [http-nio-8080-exec-1] er$RestTemplateWithNimbusDefaultTimeouts : Response 200 OK
2026-07-28T11:01:26.984+03:00 DEBUG 26224 --- [backend-06-26] [http-nio-8080-exec-1] er$RestTemplateWithNimbusDefaultTimeouts : Reading to [java.lang.String] as "application/json;charset=UTF-8"
2026-07-28T11:01:27.105+03:00 DEBUG 26224 --- [backend-06-26] [http-nio-8080-exec-1] o.s.s.o.s.r.a.JwtAuthenticationProvider  : Authenticated token
2026-07-28T11:01:27.114+03:00 DEBUG 26224 --- [backend-06-26] [http-nio-8080-exec-1] .s.r.w.a.BearerTokenAuthenticationFilter : Set SecurityContextHolder to JwtAuthenticationToken [Principal=org.springframework.security.oauth2.jwt.Jwt@4710d7b0, Credentials=[PROTECTED], Authenticated=true, Details=WebAuthenticationDetails [RemoteIpAddress=0:0:0:0:0:0:0:1, SessionId=null], Granted Authorities=[SCOPE_email, ROLE_role_user, SCOPE_profile]]
2026-07-28T11:01:27.124+03:00 DEBUG 26224 --- [backend-06-26] [http-nio-8080-exec-1] o.s.security.web.FilterChainProxy        : Secured GET /files/fbe9eb51-8e78-4122-a65b-4013cf033a99
2026-07-28T11:02:24.308+03:00  INFO 26224 --- [backend-06-26] [MessageBroker-1] o.s.w.s.c.WebSocketMessageBrokerStats    : WebSocketSession[0 current WS(0)-HttpStream(0)-HttpPoll(0), 0 total, 0 closed abnormally (0 connect failure, 0 send limit, 0 transport error)], stompSubProtocol[processed CONNECT(0)-CONNECTED(0)-DISCONNECT(0)], stompBrokerRelay[null], inboundChannel[pool size = 0, active threads = 0, queued tasks = 0, completed tasks = 0], outboundChannel[pool size = 0, active threads = 0, queued tasks = 0, completed tasks = 0], sockJsScheduler[pool size = 3, active threads = 1, queued tasks = 2, completed tasks = 0]
2026-07-28T11:06:32.292+03:00  INFO 26224 --- [backend-06-26] [SpringApplicationShutdownHook] o.s.boot.tomcat.GracefulShutdown         : Commencing graceful shutdown. Waiting for active requests to complete
2026-07-28T11:06:32.325+03:00  INFO 26224 --- [backend-06-26] [tomcat-shutdown] o.s.boot.tomcat.GracefulShutdown         : Graceful shutdown complete
2026-07-28T11:06:32.330+03:00  INFO 26224 --- [backend-06-26] [SpringApplicationShutdownHook] o.s.m.s.b.SimpleBrokerMessageHandler     : Stopping...
2026-07-28T11:06:32.331+03:00  INFO 26224 --- [backend-06-26] [SpringApplicationShutdownHook] o.s.m.s.b.SimpleBrokerMessageHandler     : BrokerAvailabilityEvent[available=false, SimpleBrokerMessageHandler [org.springframework.messaging.simp.broker.DefaultSubscriptionRegistry@79462469]]
2026-07-28T11:06:32.331+03:00  INFO 26224 --- [backend-06-26] [SpringApplicationShutdownHook] o.s.m.s.b.SimpleBrokerMessageHandler     : Stopped.
2026-07-28T11:06:32.359+03:00  INFO 26224 --- [backend-06-26] [SpringApplicationShutdownHook] j.LocalContainerEntityManagerFactoryBean : Closing JPA EntityManagerFactory for persistence unit 'default'
2026-07-28T11:06:32.362+03:00  INFO 26224 --- [backend-06-26] [SpringApplicationShutdownHook] com.zaxxer.hikari.HikariDataSource       : HikariPool-1 - Shutdown initiated...
2026-07-28T11:06:34.082+03:00  INFO 26224 --- [backend-06-26] [SpringApplicationShutdownHook] com.zaxxer.hikari.HikariDataSource       : HikariPool-1 - Shutdown completed.
2026-07-28T11:06:45.481+03:00  INFO 4488 --- [backend-06-26] [main] e.n.backend0626.Backend0626Application   : Starting Backend0626Application using Java 21.0.11 with PID 4488 (C:\Users\keyen\Documents\GitHub\backend-06-26\target\classes started by keyen in C:\Users\keyen\Documents\GitHub\backend-06-26)
2026-07-28T11:06:45.489+03:00  INFO 4488 --- [backend-06-26] [main] e.n.backend0626.Backend0626Application   : The following 1 profile is active: "prod"
2026-07-28T11:06:47.496+03:00  INFO 4488 --- [backend-06-26] [main] .s.d.r.c.RepositoryConfigurationDelegate : Multiple Spring Data modules found, entering strict repository configuration mode
2026-07-28T11:06:47.500+03:00  INFO 4488 --- [backend-06-26] [main] .s.d.r.c.RepositoryConfigurationDelegate : Bootstrapping Spring Data JPA repositories in DEFAULT mode.
2026-07-28T11:06:47.764+03:00  INFO 4488 --- [backend-06-26] [main] .s.d.r.c.RepositoryConfigurationDelegate : Finished Spring Data repository scanning in 248 ms. Found 5 JPA repository interfaces.
2026-07-28T11:06:47.847+03:00  INFO 4488 --- [backend-06-26] [main] .s.d.r.c.RepositoryConfigurationDelegate : Multiple Spring Data modules found, entering strict repository configuration mode
2026-07-28T11:06:47.851+03:00  INFO 4488 --- [backend-06-26] [main] .s.d.r.c.RepositoryConfigurationDelegate : Bootstrapping Spring Data Redis repositories in DEFAULT mode.
2026-07-28T11:06:47.880+03:00  INFO 4488 --- [backend-06-26] [main] .RepositoryConfigurationExtensionSupport : Spring Data Redis - Could not safely identify store assignment for repository candidate interface ee.nikolas.backend0626.repository.CategoryRepository; If you want this repository to be a Redis repository, consider annotating your entities with one of these annotations: org.springframework.data.redis.core.RedisHash (preferred), or consider extending one of the following types with your repository: org.springframework.data.keyvalue.repository.KeyValueRepository
2026-07-28T11:06:47.883+03:00  INFO 4488 --- [backend-06-26] [main] .RepositoryConfigurationExtensionSupport : Spring Data Redis - Could not safely identify store assignment for repository candidate interface ee.nikolas.backend0626.repository.FileDBRepository; If you want this repository to be a Redis repository, consider annotating your entities with one of these annotations: org.springframework.data.redis.core.RedisHash (preferred), or consider extending one of the following types with your repository: org.springframework.data.keyvalue.repository.KeyValueRepository
2026-07-28T11:06:47.883+03:00  INFO 4488 --- [backend-06-26] [main] .RepositoryConfigurationExtensionSupport : Spring Data Redis - Could not safely identify store assignment for repository candidate interface ee.nikolas.backend0626.repository.OrderRepository; If you want this repository to be a Redis repository, consider annotating your entities with one of these annotations: org.springframework.data.redis.core.RedisHash (preferred), or consider extending one of the following types with your repository: org.springframework.data.keyvalue.repository.KeyValueRepository
2026-07-28T11:06:47.884+03:00  INFO 4488 --- [backend-06-26] [main] .RepositoryConfigurationExtensionSupport : Spring Data Redis - Could not safely identify store assignment for repository candidate interface ee.nikolas.backend0626.repository.PersonRepository; If you want this repository to be a Redis repository, consider annotating your entities with one of these annotations: org.springframework.data.redis.core.RedisHash (preferred), or consider extending one of the following types with your repository: org.springframework.data.keyvalue.repository.KeyValueRepository
2026-07-28T11:06:47.884+03:00  INFO 4488 --- [backend-06-26] [main] .RepositoryConfigurationExtensionSupport : Spring Data Redis - Could not safely identify store assignment for repository candidate interface ee.nikolas.backend0626.repository.ProductRepository; If you want this repository to be a Redis repository, consider annotating your entities with one of these annotations: org.springframework.data.redis.core.RedisHash (preferred), or consider extending one of the following types with your repository: org.springframework.data.keyvalue.repository.KeyValueRepository
2026-07-28T11:06:47.885+03:00  INFO 4488 --- [backend-06-26] [main] .s.d.r.c.RepositoryConfigurationDelegate : Finished Spring Data repository scanning in 14 ms. Found 0 Redis repository interfaces.
2026-07-28T11:06:49.323+03:00  INFO 4488 --- [backend-06-26] [main] o.s.boot.tomcat.TomcatWebServer          : Tomcat initialized with port 8080 (http)
2026-07-28T11:06:49.343+03:00  INFO 4488 --- [backend-06-26] [main] o.apache.catalina.core.StandardService   : Starting service [Tomcat]
2026-07-28T11:06:49.344+03:00  INFO 4488 --- [backend-06-26] [main] o.apache.catalina.core.StandardEngine    : Starting Servlet engine: [Apache Tomcat/11.0.21]
2026-07-28T11:06:49.471+03:00  INFO 4488 --- [backend-06-26] [main] b.w.c.s.WebApplicationContextInitializer : Root WebApplicationContext: initialization completed in 3849 ms
2026-07-28T11:06:49.878+03:00  INFO 4488 --- [backend-06-26] [main] org.hibernate.orm.jpa                    : HHH008540: Processing PersistenceUnitInfo [name: default]
2026-07-28T11:06:49.973+03:00  INFO 4488 --- [backend-06-26] [main] org.hibernate.orm.core                   : HHH000001: Hibernate ORM core version 7.2.12.Final
2026-07-28T11:06:50.836+03:00  INFO 4488 --- [backend-06-26] [main] o.s.o.j.p.SpringPersistenceUnitInfo      : No LoadTimeWeaver setup: ignoring JPA class transformer
2026-07-28T11:06:50.892+03:00  INFO 4488 --- [backend-06-26] [main] com.zaxxer.hikari.HikariDataSource       : HikariPool-1 - Starting...
2026-07-28T11:06:52.977+03:00  INFO 4488 --- [backend-06-26] [main] com.zaxxer.hikari.pool.HikariPool        : HikariPool-1 - Added connection org.postgresql.jdbc.PgConnection@16890f00
2026-07-28T11:06:52.979+03:00  INFO 4488 --- [backend-06-26] [main] com.zaxxer.hikari.HikariDataSource       : HikariPool-1 - Start completed.
2026-07-28T11:06:54.273+03:00  INFO 4488 --- [backend-06-26] [main] org.hibernate.orm.connections.pooling    : HHH10001005: Database info:
	Database JDBC URL [jdbc:postgresql://dpg-d9bi856cjfls738edtug-a.oregon-postgres.render.com/veebipood0626]
	Database driver: PostgreSQL JDBC Driver
	Database dialect: PostgreSQLDialect
	Database version: 18.4
	Default catalog/schema: veebipood0626/public
	Autocommit mode: undefined/unknown
	Isolation level: READ_COMMITTED [default READ_COMMITTED]
	JDBC fetch size: none
	Pool: DataSourceConnectionProvider
	Minimum pool size: undefined/unknown
	Maximum pool size: undefined/unknown
2026-07-28T11:06:56.323+03:00  INFO 4488 --- [backend-06-26] [main] org.hibernate.orm.core                   : HHH000489: No JTA platform available (set 'hibernate.transaction.jta.platform' to enable JTA platform integration)
2026-07-28T11:06:58.022+03:00  INFO 4488 --- [backend-06-26] [main] j.LocalContainerEntityManagerFactoryBean : Initialized JPA EntityManagerFactory for persistence unit 'default'
2026-07-28T11:06:58.194+03:00  INFO 4488 --- [backend-06-26] [main] o.s.d.j.r.query.QueryEnhancerFactories   : Hibernate is in classpath; If applicable, HQL parser will be used.
2026-07-28T11:06:59.848+03:00  WARN 4488 --- [backend-06-26] [main] JpaBaseConfiguration$JpaWebConfiguration : spring.jpa.open-in-view is enabled by default. Therefore, database queries may be performed during view rendering. Explicitly configure spring.jpa.open-in-view to disable this warning
2026-07-28T11:07:00.061+03:00 DEBUG 4488 --- [backend-06-26] [main] swordEncoderAuthenticationManagerBuilder : No authenticationProviders and no parentAuthenticationManager defined. Returning null.
2026-07-28T11:07:00.659+03:00 DEBUG 4488 --- [backend-06-26] [main] o.s.s.web.DefaultSecurityFilterChain     : Will secure any request with filters: DisableEncodeUrlFilter, WebAsyncManagerIntegrationFilter, SecurityContextHolderFilter, HeaderWriterFilter, LogoutFilter, OAuth2ProtectedResourceMetadataFilter, BearerTokenAuthenticationFilter, AuthenticationFilter, RequestCacheAwareFilter, SecurityContextHolderAwareRequestFilter, AnonymousAuthenticationFilter, SessionManagementFilter, ExceptionTranslationFilter, AuthorizationFilter
2026-07-28T11:07:01.748+03:00  INFO 4488 --- [backend-06-26] [main] o.s.v.b.OptionalValidatorFactoryBean     : Failed to set up a Bean Validation provider: jakarta.validation.NoProviderFoundException: Unable to create a Configuration, because no Jakarta Validation provider could be found. Add a provider like Hibernate Validator (RI) to your classpath.
2026-07-28T11:07:01.937+03:00  INFO 4488 --- [backend-06-26] [main] o.s.b.w.a.WelcomePageHandlerMapping      : Adding welcome page: class path resource [static/index.html]
2026-07-28T11:07:03.127+03:00  INFO 4488 --- [backend-06-26] [main] o.s.m.s.b.SimpleBrokerMessageHandler     : Starting...
2026-07-28T11:07:03.128+03:00  INFO 4488 --- [backend-06-26] [main] o.s.m.s.b.SimpleBrokerMessageHandler     : BrokerAvailabilityEvent[available=true, SimpleBrokerMessageHandler [org.springframework.messaging.simp.broker.DefaultSubscriptionRegistry@1f96db42]]
2026-07-28T11:07:03.130+03:00  INFO 4488 --- [backend-06-26] [main] o.s.m.s.b.SimpleBrokerMessageHandler     : Started.
2026-07-28T11:07:03.154+03:00  INFO 4488 --- [backend-06-26] [main] o.s.boot.tomcat.TomcatWebServer          : Tomcat started on port 8080 (http) with context path '/'
2026-07-28T11:07:03.183+03:00  INFO 4488 --- [backend-06-26] [main] e.n.backend0626.Backend0626Application   : Started Backend0626Application in 18.869 seconds (process running for 21.075)
2026-07-28T11:08:03.110+03:00  INFO 4488 --- [backend-06-26] [MessageBroker-1] o.s.w.s.c.WebSocketMessageBrokerStats    : WebSocketSession[0 current WS(0)-HttpStream(0)-HttpPoll(0), 0 total, 0 closed abnormally (0 connect failure, 0 send limit, 0 transport error)], stompSubProtocol[processed CONNECT(0)-CONNECTED(0)-DISCONNECT(0)], stompBrokerRelay[null], inboundChannel[pool size = 0, active threads = 0, queued tasks = 0, completed tasks = 0], outboundChannel[pool size = 0, active threads = 0, queued tasks = 0, completed tasks = 0], sockJsScheduler[pool size = 3, active threads = 1, queued tasks = 2, completed tasks = 0]
2026-07-28T11:11:49.360+03:00  INFO 4488 --- [backend-06-26] [SpringApplicationShutdownHook] o.s.boot.tomcat.GracefulShutdown         : Commencing graceful shutdown. Waiting for active requests to complete
2026-07-28T11:11:49.390+03:00  INFO 4488 --- [backend-06-26] [tomcat-shutdown] o.s.boot.tomcat.GracefulShutdown         : Graceful shutdown complete
2026-07-28T11:11:49.393+03:00  INFO 4488 --- [backend-06-26] [SpringApplicationShutdownHook] o.s.m.s.b.SimpleBrokerMessageHandler     : Stopping...
2026-07-28T11:11:49.394+03:00  INFO 4488 --- [backend-06-26] [SpringApplicationShutdownHook] o.s.m.s.b.SimpleBrokerMessageHandler     : BrokerAvailabilityEvent[available=false, SimpleBrokerMessageHandler [org.springframework.messaging.simp.broker.DefaultSubscriptionRegistry@1f96db42]]
2026-07-28T11:11:49.394+03:00  INFO 4488 --- [backend-06-26] [SpringApplicationShutdownHook] o.s.m.s.b.SimpleBrokerMessageHandler     : Stopped.
2026-07-28T11:11:49.428+03:00  INFO 4488 --- [backend-06-26] [SpringApplicationShutdownHook] j.LocalContainerEntityManagerFactoryBean : Closing JPA EntityManagerFactory for persistence unit 'default'
2026-07-28T11:11:49.432+03:00  INFO 4488 --- [backend-06-26] [SpringApplicationShutdownHook] com.zaxxer.hikari.HikariDataSource       : HikariPool-1 - Shutdown initiated...
2026-07-28T11:11:51.171+03:00  INFO 4488 --- [backend-06-26] [SpringApplicationShutdownHook] com.zaxxer.hikari.HikariDataSource       : HikariPool-1 - Shutdown completed.
2026-07-28T11:12:04.103+03:00  INFO 11776 --- [backend-06-26] [main] e.n.backend0626.Backend0626Application   : Starting Backend0626Application using Java 21.0.11 with PID 11776 (C:\Users\keyen\Documents\GitHub\backend-06-26\target\classes started by keyen in C:\Users\keyen\Documents\GitHub\backend-06-26)
2026-07-28T11:12:04.116+03:00  INFO 11776 --- [backend-06-26] [main] e.n.backend0626.Backend0626Application   : The following 1 profile is active: "prod"
2026-07-28T11:12:06.907+03:00  INFO 11776 --- [backend-06-26] [main] .s.d.r.c.RepositoryConfigurationDelegate : Multiple Spring Data modules found, entering strict repository configuration mode
2026-07-28T11:12:06.910+03:00  INFO 11776 --- [backend-06-26] [main] .s.d.r.c.RepositoryConfigurationDelegate : Bootstrapping Spring Data JPA repositories in DEFAULT mode.
2026-07-28T11:12:07.312+03:00  INFO 11776 --- [backend-06-26] [main] .s.d.r.c.RepositoryConfigurationDelegate : Finished Spring Data repository scanning in 382 ms. Found 5 JPA repository interfaces.
2026-07-28T11:12:07.455+03:00  INFO 11776 --- [backend-06-26] [main] .s.d.r.c.RepositoryConfigurationDelegate : Multiple Spring Data modules found, entering strict repository configuration mode
2026-07-28T11:12:07.459+03:00  INFO 11776 --- [backend-06-26] [main] .s.d.r.c.RepositoryConfigurationDelegate : Bootstrapping Spring Data Redis repositories in DEFAULT mode.
2026-07-28T11:12:07.525+03:00  INFO 11776 --- [backend-06-26] [main] .RepositoryConfigurationExtensionSupport : Spring Data Redis - Could not safely identify store assignment for repository candidate interface ee.nikolas.backend0626.repository.CategoryRepository; If you want this repository to be a Redis repository, consider annotating your entities with one of these annotations: org.springframework.data.redis.core.RedisHash (preferred), or consider extending one of the following types with your repository: org.springframework.data.keyvalue.repository.KeyValueRepository
2026-07-28T11:12:07.534+03:00  INFO 11776 --- [backend-06-26] [main] .RepositoryConfigurationExtensionSupport : Spring Data Redis - Could not safely identify store assignment for repository candidate interface ee.nikolas.backend0626.repository.FileDBRepository; If you want this repository to be a Redis repository, consider annotating your entities with one of these annotations: org.springframework.data.redis.core.RedisHash (preferred), or consider extending one of the following types with your repository: org.springframework.data.keyvalue.repository.KeyValueRepository
2026-07-28T11:12:07.536+03:00  INFO 11776 --- [backend-06-26] [main] .RepositoryConfigurationExtensionSupport : Spring Data Redis - Could not safely identify store assignment for repository candidate interface ee.nikolas.backend0626.repository.OrderRepository; If you want this repository to be a Redis repository, consider annotating your entities with one of these annotations: org.springframework.data.redis.core.RedisHash (preferred), or consider extending one of the following types with your repository: org.springframework.data.keyvalue.repository.KeyValueRepository
2026-07-28T11:12:07.538+03:00  INFO 11776 --- [backend-06-26] [main] .RepositoryConfigurationExtensionSupport : Spring Data Redis - Could not safely identify store assignment for repository candidate interface ee.nikolas.backend0626.repository.PersonRepository; If you want this repository to be a Redis repository, consider annotating your entities with one of these annotations: org.springframework.data.redis.core.RedisHash (preferred), or consider extending one of the following types with your repository: org.springframework.data.keyvalue.repository.KeyValueRepository
2026-07-28T11:12:07.539+03:00  INFO 11776 --- [backend-06-26] [main] .RepositoryConfigurationExtensionSupport : Spring Data Redis - Could not safely identify store assignment for repository candidate interface ee.nikolas.backend0626.repository.ProductRepository; If you want this repository to be a Redis repository, consider annotating your entities with one of these annotations: org.springframework.data.redis.core.RedisHash (preferred), or consider extending one of the following types with your repository: org.springframework.data.keyvalue.repository.KeyValueRepository
2026-07-28T11:12:07.540+03:00  INFO 11776 --- [backend-06-26] [main] .s.d.r.c.RepositoryConfigurationDelegate : Finished Spring Data repository scanning in 50 ms. Found 0 Redis repository interfaces.
2026-07-28T11:12:09.674+03:00  INFO 11776 --- [backend-06-26] [main] o.s.boot.tomcat.TomcatWebServer          : Tomcat initialized with port 8080 (http)
2026-07-28T11:12:09.703+03:00  INFO 11776 --- [backend-06-26] [main] o.apache.catalina.core.StandardService   : Starting service [Tomcat]
2026-07-28T11:12:09.703+03:00  INFO 11776 --- [backend-06-26] [main] o.apache.catalina.core.StandardEngine    : Starting Servlet engine: [Apache Tomcat/11.0.21]
2026-07-28T11:12:09.886+03:00  INFO 11776 --- [backend-06-26] [main] b.w.c.s.WebApplicationContextInitializer : Root WebApplicationContext: initialization completed in 5603 ms
2026-07-28T11:12:10.417+03:00  INFO 11776 --- [backend-06-26] [main] org.hibernate.orm.jpa                    : HHH008540: Processing PersistenceUnitInfo [name: default]
2026-07-28T11:12:10.565+03:00  INFO 11776 --- [backend-06-26] [main] org.hibernate.orm.core                   : HHH000001: Hibernate ORM core version 7.2.12.Final
2026-07-28T11:12:12.556+03:00  INFO 11776 --- [backend-06-26] [main] o.s.o.j.p.SpringPersistenceUnitInfo      : No LoadTimeWeaver setup: ignoring JPA class transformer
2026-07-28T11:12:12.701+03:00  INFO 11776 --- [backend-06-26] [main] com.zaxxer.hikari.HikariDataSource       : HikariPool-1 - Starting...
2026-07-28T11:12:14.907+03:00  INFO 11776 --- [backend-06-26] [main] com.zaxxer.hikari.pool.HikariPool        : HikariPool-1 - Added connection org.postgresql.jdbc.PgConnection@50930bff
2026-07-28T11:12:14.911+03:00  INFO 11776 --- [backend-06-26] [main] com.zaxxer.hikari.HikariDataSource       : HikariPool-1 - Start completed.
2026-07-28T11:12:16.251+03:00  INFO 11776 --- [backend-06-26] [main] org.hibernate.orm.connections.pooling    : HHH10001005: Database info:
	Database JDBC URL [jdbc:postgresql://dpg-d9bi856cjfls738edtug-a.oregon-postgres.render.com/veebipood0626]
	Database driver: PostgreSQL JDBC Driver
	Database dialect: PostgreSQLDialect
	Database version: 18.4
	Default catalog/schema: veebipood0626/public
	Autocommit mode: undefined/unknown
	Isolation level: READ_COMMITTED [default READ_COMMITTED]
	JDBC fetch size: none
	Pool: DataSourceConnectionProvider
	Minimum pool size: undefined/unknown
	Maximum pool size: undefined/unknown
2026-07-28T11:12:19.277+03:00  INFO 11776 --- [backend-06-26] [main] org.hibernate.orm.core                   : HHH000489: No JTA platform available (set 'hibernate.transaction.jta.platform' to enable JTA platform integration)
2026-07-28T11:12:20.999+03:00  INFO 11776 --- [backend-06-26] [main] j.LocalContainerEntityManagerFactoryBean : Initialized JPA EntityManagerFactory for persistence unit 'default'
2026-07-28T11:12:21.241+03:00  INFO 11776 --- [backend-06-26] [main] o.s.d.j.r.query.QueryEnhancerFactories   : Hibernate is in classpath; If applicable, HQL parser will be used.
2026-07-28T11:12:22.942+03:00  WARN 11776 --- [backend-06-26] [main] JpaBaseConfiguration$JpaWebConfiguration : spring.jpa.open-in-view is enabled by default. Therefore, database queries may be performed during view rendering. Explicitly configure spring.jpa.open-in-view to disable this warning
2026-07-28T11:12:23.173+03:00 DEBUG 11776 --- [backend-06-26] [main] swordEncoderAuthenticationManagerBuilder : No authenticationProviders and no parentAuthenticationManager defined. Returning null.
2026-07-28T11:12:23.797+03:00 DEBUG 11776 --- [backend-06-26] [main] o.s.s.web.DefaultSecurityFilterChain     : Will secure any request with filters: DisableEncodeUrlFilter, WebAsyncManagerIntegrationFilter, SecurityContextHolderFilter, HeaderWriterFilter, LogoutFilter, OAuth2ProtectedResourceMetadataFilter, BearerTokenAuthenticationFilter, AuthenticationFilter, RequestCacheAwareFilter, SecurityContextHolderAwareRequestFilter, AnonymousAuthenticationFilter, SessionManagementFilter, ExceptionTranslationFilter, AuthorizationFilter
2026-07-28T11:12:24.754+03:00  INFO 11776 --- [backend-06-26] [main] o.s.v.b.OptionalValidatorFactoryBean     : Failed to set up a Bean Validation provider: jakarta.validation.NoProviderFoundException: Unable to create a Configuration, because no Jakarta Validation provider could be found. Add a provider like Hibernate Validator (RI) to your classpath.
2026-07-28T11:12:24.957+03:00  INFO 11776 --- [backend-06-26] [main] o.s.b.w.a.WelcomePageHandlerMapping      : Adding welcome page: class path resource [static/index.html]
2026-07-28T11:12:26.358+03:00  INFO 11776 --- [backend-06-26] [main] o.s.m.s.b.SimpleBrokerMessageHandler     : Starting...
2026-07-28T11:12:26.359+03:00  INFO 11776 --- [backend-06-26] [main] o.s.m.s.b.SimpleBrokerMessageHandler     : BrokerAvailabilityEvent[available=true, SimpleBrokerMessageHandler [org.springframework.messaging.simp.broker.DefaultSubscriptionRegistry@7e4fc391]]
2026-07-28T11:12:26.363+03:00  INFO 11776 --- [backend-06-26] [main] o.s.m.s.b.SimpleBrokerMessageHandler     : Started.
2026-07-28T11:12:26.393+03:00  INFO 11776 --- [backend-06-26] [main] o.s.boot.tomcat.TomcatWebServer          : Tomcat started on port 8080 (http) with context path '/'
2026-07-28T11:12:26.538+03:00  INFO 11776 --- [backend-06-26] [main] o.a.kafka.common.config.AbstractConfig   : ConsumerConfig values: 
	allow.auto.create.topics = true
	auto.commit.interval.ms = 5000
	auto.offset.reset = latest
	bootstrap.servers = [localhost:9092]
	check.crcs = true
	client.dns.lookup = use_all_dns_ips
	client.id = consumer-group_id-1
	client.rack = 
	connections.max.idle.ms = 540000
	default.api.timeout.ms = 60000
	enable.auto.commit = false
	enable.metrics.push = true
	exclude.internal.topics = true
	fetch.max.bytes = 52428800
	fetch.max.wait.ms = 500
	fetch.min.bytes = 1
	group.id = group_id
	group.instance.id = null
	group.protocol = classic
	group.remote.assignor = null
	heartbeat.interval.ms = 3000
	interceptor.classes = []
	internal.leave.group.on.close = true
	internal.throw.on.fetch.stable.offset.unsupported = false
	isolation.level = read_uncommitted
	key.deserializer = class org.apache.kafka.common.serialization.StringDeserializer
	max.partition.fetch.bytes = 1048576
	max.poll.interval.ms = 300000
	max.poll.records = 500
	metadata.max.age.ms = 300000
	metadata.recovery.rebootstrap.trigger.ms = 300000
	metadata.recovery.strategy = rebootstrap
	metric.reporters = [org.apache.kafka.common.metrics.JmxReporter]
	metrics.num.samples = 2
	metrics.recording.level = INFO
	metrics.sample.window.ms = 30000
	partition.assignment.strategy = [class org.apache.kafka.clients.consumer.RangeAssignor, class org.apache.kafka.clients.consumer.CooperativeStickyAssignor]
	receive.buffer.bytes = 65536
	reconnect.backoff.max.ms = 1000
	reconnect.backoff.ms = 50
	request.timeout.ms = 30000
	retry.backoff.max.ms = 1000
	retry.backoff.ms = 100
	sasl.client.callback.handler.class = null
	sasl.jaas.config = null
	sasl.kerberos.kinit.cmd = /usr/bin/kinit
	sasl.kerberos.min.time.before.relogin = 60000
	sasl.kerberos.service.name = null
	sasl.kerberos.ticket.renew.jitter = 0.05
	sasl.kerberos.ticket.renew.window.factor = 0.8
	sasl.login.callback.handler.class = null
	sasl.login.class = null
	sasl.login.connect.timeout.ms = null
	sasl.login.read.timeout.ms = null
	sasl.login.refresh.buffer.seconds = 300
	sasl.login.refresh.min.period.seconds = 60
	sasl.login.refresh.window.factor = 0.8
	sasl.login.refresh.window.jitter = 0.05
	sasl.login.retry.backoff.max.ms = 10000
	sasl.login.retry.backoff.ms = 100
	sasl.mechanism = GSSAPI
	sasl.oauthbearer.assertion.algorithm = RS256
	sasl.oauthbearer.assertion.claim.aud = null
	sasl.oauthbearer.assertion.claim.exp.seconds = 300
	sasl.oauthbearer.assertion.claim.iss = null
	sasl.oauthbearer.assertion.claim.jti.include = false
	sasl.oauthbearer.assertion.claim.nbf.seconds = 60
	sasl.oauthbearer.assertion.claim.sub = null
	sasl.oauthbearer.assertion.file = null
	sasl.oauthbearer.assertion.private.key.file = null
	sasl.oauthbearer.assertion.private.key.passphrase = null
	sasl.oauthbearer.assertion.template.file = null
	sasl.oauthbearer.client.credentials.client.id = null
	sasl.oauthbearer.client.credentials.client.secret = null
	sasl.oauthbearer.clock.skew.seconds = 30
	sasl.oauthbearer.expected.audience = null
	sasl.oauthbearer.expected.issuer = null
	sasl.oauthbearer.header.urlencode = false
	sasl.oauthbearer.jwks.endpoint.refresh.ms = 3600000
	sasl.oauthbearer.jwks.endpoint.retry.backoff.max.ms = 10000
	sasl.oauthbearer.jwks.endpoint.retry.backoff.ms = 100
	sasl.oauthbearer.jwks.endpoint.url = null
	sasl.oauthbearer.jwt.retriever.class = class org.apache.kafka.common.security.oauthbearer.DefaultJwtRetriever
	sasl.oauthbearer.jwt.validator.class = class org.apache.kafka.common.security.oauthbearer.DefaultJwtValidator
	sasl.oauthbearer.scope = null
	sasl.oauthbearer.scope.claim.name = scope
	sasl.oauthbearer.sub.claim.name = sub
	sasl.oauthbearer.token.endpoint.url = null
	security.protocol = PLAINTEXT
	security.providers = null
	send.buffer.bytes = 131072
	session.timeout.ms = 45000
	share.acknowledgement.mode = implicit
	socket.connection.setup.timeout.max.ms = 30000
	socket.connection.setup.timeout.ms = 10000
	ssl.cipher.suites = null
	ssl.enabled.protocols = [TLSv1.2, TLSv1.3]
	ssl.endpoint.identification.algorithm = https
	ssl.engine.factory.class = null
	ssl.key.password = null
	ssl.keymanager.algorithm = SunX509
	ssl.keystore.certificate.chain = null
	ssl.keystore.key = null
	ssl.keystore.location = null
	ssl.keystore.password = null
	ssl.keystore.type = JKS
	ssl.protocol = TLSv1.3
	ssl.provider = null
	ssl.secure.random.implementation = null
	ssl.trustmanager.algorithm = PKIX
	ssl.truststore.certificates = null
	ssl.truststore.location = null
	ssl.truststore.password = null
	ssl.truststore.type = JKS
	value.deserializer = class org.apache.kafka.common.serialization.StringDeserializer

2026-07-28T11:12:26.707+03:00  INFO 11776 --- [backend-06-26] [main] o.a.k.c.t.i.KafkaMetricsCollector        : initializing Kafka metrics collector
2026-07-28T11:12:27.038+03:00  INFO 11776 --- [backend-06-26] [main] o.a.kafka.common.utils.AppInfoParser     : Kafka version: 4.1.2
2026-07-28T11:12:27.038+03:00  INFO 11776 --- [backend-06-26] [main] o.a.kafka.common.utils.AppInfoParser     : Kafka commitId: c82fd9b934b4c1e6
2026-07-28T11:12:27.039+03:00  INFO 11776 --- [backend-06-26] [main] o.a.kafka.common.utils.AppInfoParser     : Kafka startTimeMs: 1785226347031
2026-07-28T11:12:27.044+03:00  INFO 11776 --- [backend-06-26] [main] o.a.k.c.c.i.ClassicKafkaConsumer         : [Consumer clientId=consumer-group_id-1, groupId=group_id] Subscribed to topic(s): my_topic
2026-07-28T11:12:27.087+03:00  INFO 11776 --- [backend-06-26] [main] e.n.backend0626.Backend0626Application   : Started Backend0626Application in 24.803 seconds (process running for 26.86)
2026-07-28T11:12:28.241+03:00  INFO 11776 --- [backend-06-26] [org.springframework.kafka.KafkaListenerEndpointContainer#0-0-C-1] org.apache.kafka.clients.NetworkClient   : [Consumer clientId=consumer-group_id-1, groupId=group_id] Node -1 disconnected.
2026-07-28T11:12:28.243+03:00  WARN 11776 --- [backend-06-26] [org.springframework.kafka.KafkaListenerEndpointContainer#0-0-C-1] org.apache.kafka.clients.NetworkClient   : [Consumer clientId=consumer-group_id-1, groupId=group_id] Connection to node -1 (localhost/127.0.0.1:9092) could not be established. Node may not be available.
2026-07-28T11:12:28.248+03:00  WARN 11776 --- [backend-06-26] [org.springframework.kafka.KafkaListenerEndpointContainer#0-0-C-1] org.apache.kafka.clients.NetworkClient   : [Consumer clientId=consumer-group_id-1, groupId=group_id] Bootstrap broker localhost:9092 (id: -1 rack: null isFenced: false) disconnected
2026-07-28T11:12:28.357+03:00  INFO 11776 --- [backend-06-26] [org.springframework.kafka.KafkaListenerEndpointContainer#0-0-C-1] org.apache.kafka.clients.NetworkClient   : [Consumer clientId=consumer-group_id-1, groupId=group_id] Node -1 disconnected.
2026-07-28T11:12:28.358+03:00  WARN 11776 --- [backend-06-26] [org.springframework.kafka.KafkaListenerEndpointContainer#0-0-C-1] org.apache.kafka.clients.NetworkClient   : [Consumer clientId=consumer-group_id-1, groupId=group_id] Connection to node -1 (localhost/127.0.0.1:9092) could not be established. Node may not be available.
2026-07-28T11:12:28.358+03:00  WARN 11776 --- [backend-06-26] [org.springframework.kafka.KafkaListenerEndpointContainer#0-0-C-1] org.apache.kafka.clients.NetworkClient   : [Consumer clientId=consumer-group_id-1, groupId=group_id] Bootstrap broker localhost:9092 (id: -1 rack: null isFenced: false) disconnected
2026-07-28T11:12:28.359+03:00  INFO 11776 --- [backend-06-26] [org.springframework.kafka.KafkaListenerEndpointContainer#0-0-C-1] org.apache.kafka.clients.Metadata        : [Consumer clientId=consumer-group_id-1, groupId=group_id] Rebootstrapping with [localhost/127.0.0.1:9092]
2026-07-28T11:12:28.410+03:00  INFO 11776 --- [backend-06-26] [org.springframework.kafka.KafkaListenerEndpointContainer#0-0-C-1] org.apache.kafka.clients.Metadata        : [Consumer clientId=consumer-group_id-1, groupId=group_id] Rebootstrapping with [localhost/127.0.0.1:9092]
2026-07-28T11:12:28.599+03:00  INFO 11776 --- [backend-06-26] [org.springframework.kafka.KafkaListenerEndpointContainer#0-0-C-1] org.apache.kafka.clients.NetworkClient   : [Consumer clientId=consumer-group_id-1, groupId=group_id] Node -1 disconnected.
2026-07-28T11:12:28.600+03:00  WARN 11776 --- [backend-06-26] [org.springframework.kafka.KafkaListenerEndpointContainer#0-0-C-1] org.apache.kafka.clients.NetworkClient   : [Consumer clientId=consumer-group_id-1, groupId=group_id] Connection to node -1 (localhost/127.0.0.1:9092) could not be established. Node may not be available.
2026-07-28T11:12:28.600+03:00  WARN 11776 --- [backend-06-26] [org.springframework.kafka.KafkaListenerEndpointContainer#0-0-C-1] org.apache.kafka.clients.NetworkClient   : [Consumer clientId=consumer-group_id-1, groupId=group_id] Bootstrap broker localhost:9092 (id: -1 rack: null isFenced: false) disconnected
2026-07-28T11:12:28.826+03:00  INFO 11776 --- [backend-06-26] [org.springframework.kafka.KafkaListenerEndpointContainer#0-0-C-1] org.apache.kafka.clients.NetworkClient   : [Consumer clientId=consumer-group_id-1, groupId=group_id] Node -1 disconnected.
2026-07-28T11:12:28.826+03:00  WARN 11776 --- [backend-06-26] [org.springframework.kafka.KafkaListenerEndpointContainer#0-0-C-1] org.apache.kafka.clients.NetworkClient   : [Consumer clientId=consumer-group_id-1, groupId=group_id] Connection to node -1 (localhost/127.0.0.1:9092) could not be established. Node may not be available.
2026-07-28T11:12:28.826+03:00  WARN 11776 --- [backend-06-26] [org.springframework.kafka.KafkaListenerEndpointContainer#0-0-C-1] org.apache.kafka.clients.NetworkClient   : [Consumer clientId=consumer-group_id-1, groupId=group_id] Bootstrap broker localhost:9092 (id: -1 rack: null isFenced: false) disconnected
2026-07-28T11:12:28.827+03:00  INFO 11776 --- [backend-06-26] [org.springframework.kafka.KafkaListenerEndpointContainer#0-0-C-1] org.apache.kafka.clients.Metadata        : [Consumer clientId=consumer-group_id-1, groupId=group_id] Rebootstrapping with [localhost/127.0.0.1:9092]
2026-07-28T11:12:28.878+03:00  INFO 11776 --- [backend-06-26] [org.springframework.kafka.KafkaListenerEndpointContainer#0-0-C-1] org.apache.kafka.clients.Metadata        : [Consumer clientId=consumer-group_id-1, groupId=group_id] Rebootstrapping with [localhost/127.0.0.1:9092]
2026-07-28T11:12:29.354+03:00  INFO 11776 --- [backend-06-26] [org.springframework.kafka.KafkaListenerEndpointContainer#0-0-C-1] org.apache.kafka.clients.NetworkClient   : [Consumer clientId=consumer-group_id-1, groupId=group_id] Node -1 disconnected.
2026-07-28T11:12:29.355+03:00  WARN 11776 --- [backend-06-26] [org.springframework.kafka.KafkaListenerEndpointContainer#0-0-C-1] org.apache.kafka.clients.NetworkClient   : [Consumer clientId=consumer-group_id-1, groupId=group_id] Connection to node -1 (localhost/127.0.0.1:9092) could not be established. Node may not be available.
2026-07-28T11:12:29.355+03:00  WARN 11776 --- [backend-06-26] [org.springframework.kafka.KafkaListenerEndpointContainer#0-0-C-1] org.apache.kafka.clients.NetworkClient   : [Consumer clientId=consumer-group_id-1, groupId=group_id] Bootstrap broker localhost:9092 (id: -1 rack: null isFenced: false) disconnected
2026-07-28T11:12:29.782+03:00  INFO 11776 --- [backend-06-26] [org.springframework.kafka.KafkaListenerEndpointContainer#0-0-C-1] org.apache.kafka.clients.Metadata        : [Consumer clientId=consumer-group_id-1, groupId=group_id] Rebootstrapping with [localhost/127.0.0.1:9092]
2026-07-28T11:12:29.845+03:00  INFO 11776 --- [backend-06-26] [org.springframework.kafka.KafkaListenerEndpointContainer#0-0-C-1] org.apache.kafka.clients.Metadata        : [Consumer clientId=consumer-group_id-1, groupId=group_id] Rebootstrapping with [localhost/127.0.0.1:9092]
2026-07-28T11:12:30.531+03:00  INFO 11776 --- [backend-06-26] [org.springframework.kafka.KafkaListenerEndpointContainer#0-0-C-1] org.apache.kafka.clients.NetworkClient   : [Consumer clientId=consumer-group_id-1, groupId=group_id] Node -1 disconnected.
2026-07-28T11:12:30.532+03:00  WARN 11776 --- [backend-06-26] [org.springframework.kafka.KafkaListenerEndpointContainer#0-0-C-1] org.apache.kafka.clients.NetworkClient   : [Consumer clientId=consumer-group_id-1, groupId=group_id] Connection to node -1 (localhost/127.0.0.1:9092) could not be established. Node may not be available.
2026-07-28T11:12:30.532+03:00  WARN 11776 --- [backend-06-26] [org.springframework.kafka.KafkaListenerEndpointContainer#0-0-C-1] org.apache.kafka.clients.NetworkClient   : [Consumer clientId=consumer-group_id-1, groupId=group_id] Bootstrap broker localhost:9092 (id: -1 rack: null isFenced: false) disconnected
2026-07-28T11:12:31.316+03:00  INFO 11776 --- [backend-06-26] [org.springframework.kafka.KafkaListenerEndpointContainer#0-0-C-1] org.apache.kafka.clients.Metadata        : [Consumer clientId=consumer-group_id-1, groupId=group_id] Rebootstrapping with [localhost/127.0.0.1:9092]
2026-07-28T11:12:32.070+03:00  INFO 11776 --- [backend-06-26] [org.springframework.kafka.KafkaListenerEndpointContainer#0-0-C-1] org.apache.kafka.clients.NetworkClient   : [Consumer clientId=consumer-group_id-1, groupId=group_id] Node -1 disconnected.
2026-07-28T11:12:32.070+03:00  WARN 11776 --- [backend-06-26] [org.springframework.kafka.KafkaListenerEndpointContainer#0-0-C-1] org.apache.kafka.clients.NetworkClient   : [Consumer clientId=consumer-group_id-1, groupId=group_id] Connection to node -1 (localhost/127.0.0.1:9092) could not be established. Node may not be available.
2026-07-28T11:12:32.070+03:00  WARN 11776 --- [backend-06-26] [org.springframework.kafka.KafkaListenerEndpointContainer#0-0-C-1] org.apache.kafka.clients.NetworkClient   : [Consumer clientId=consumer-group_id-1, groupId=group_id] Bootstrap broker localhost:9092 (id: -1 rack: null isFenced: false) disconnected
2026-07-28T11:12:33.078+03:00  INFO 11776 --- [backend-06-26] [org.springframework.kafka.KafkaListenerEndpointContainer#0-0-C-1] org.apache.kafka.clients.NetworkClient   : [Consumer clientId=consumer-group_id-1, groupId=group_id] Node -1 disconnected.
2026-07-28T11:12:33.078+03:00  WARN 11776 --- [backend-06-26] [org.springframework.kafka.KafkaListenerEndpointContainer#0-0-C-1] org.apache.kafka.clients.NetworkClient   : [Consumer clientId=consumer-group_id-1, groupId=group_id] Connection to node -1 (localhost/127.0.0.1:9092) could not be established. Node may not be available.
2026-07-28T11:12:33.078+03:00  WARN 11776 --- [backend-06-26] [org.springframework.kafka.KafkaListenerEndpointContainer#0-0-C-1] org.apache.kafka.clients.NetworkClient   : [Consumer clientId=consumer-group_id-1, groupId=group_id] Bootstrap broker localhost:9092 (id: -1 rack: null isFenced: false) disconnected
2026-07-28T11:12:33.917+03:00  INFO 11776 --- [backend-06-26] [org.springframework.kafka.KafkaListenerEndpointContainer#0-0-C-1] org.apache.kafka.clients.NetworkClient   : [Consumer clientId=consumer-group_id-1, groupId=group_id] Node -1 disconnected.
2026-07-28T11:12:33.918+03:00  WARN 11776 --- [backend-06-26] [org.springframework.kafka.KafkaListenerEndpointContainer#0-0-C-1] org.apache.kafka.clients.NetworkClient   : [Consumer clientId=consumer-group_id-1, groupId=group_id] Connection to node -1 (localhost/127.0.0.1:9092) could not be established. Node may not be available.
2026-07-28T11:12:33.918+03:00  WARN 11776 --- [backend-06-26] [org.springframework.kafka.KafkaListenerEndpointContainer#0-0-C-1] org.apache.kafka.clients.NetworkClient   : [Consumer clientId=consumer-group_id-1, groupId=group_id] Bootstrap broker localhost:9092 (id: -1 rack: null isFenced: false) disconnected
2026-07-28T11:12:34.086+03:00  INFO 11776 --- [backend-06-26] [org.springframework.kafka.KafkaListenerEndpointContainer#0-0-C-1] org.apache.kafka.clients.Metadata        : [Consumer clientId=consumer-group_id-1, groupId=group_id] Rebootstrapping with [localhost/127.0.0.1:9092]
2026-07-28T11:12:34.148+03:00  INFO 11776 --- [backend-06-26] [org.springframework.kafka.KafkaListenerEndpointContainer#0-0-C-1] org.apache.kafka.clients.Metadata        : [Consumer clientId=consumer-group_id-1, groupId=group_id] Rebootstrapping with [localhost/127.0.0.1:9092]
2026-07-28T11:12:34.333+03:00  INFO 11776 --- [backend-06-26] [org.springframework.kafka.KafkaListenerEndpointContainer#0-0-C-1] org.apache.kafka.clients.Metadata        : [Consumer clientId=consumer-group_id-1, groupId=group_id] Rebootstrapping with [localhost/127.0.0.1:9092]
2026-07-28T11:12:34.396+03:00  INFO 11776 --- [backend-06-26] [org.springframework.kafka.KafkaListenerEndpointContainer#0-0-C-1] org.apache.kafka.clients.Metadata        : [Consumer clientId=consumer-group_id-1, groupId=group_id] Rebootstrapping with [localhost/127.0.0.1:9092]
2026-07-28T11:12:34.737+03:00  INFO 11776 --- [backend-06-26] [org.springframework.kafka.KafkaListenerEndpointContainer#0-0-C-1] org.apache.kafka.clients.Metadata        : [Consumer clientId=consumer-group_id-1, groupId=group_id] Rebootstrapping with [localhost/127.0.0.1:9092]
2026-07-28T11:12:34.800+03:00  INFO 11776 --- [backend-06-26] [org.springframework.kafka.KafkaListenerEndpointContainer#0-0-C-1] org.apache.kafka.clients.Metadata        : [Consumer clientId=consumer-group_id-1, groupId=group_id] Rebootstrapping with [localhost/127.0.0.1:9092]
2026-07-28T11:12:35.668+03:00  INFO 11776 --- [backend-06-26] [org.springframework.kafka.KafkaListenerEndpointContainer#0-0-C-1] org.apache.kafka.clients.NetworkClient   : [Consumer clientId=consumer-group_id-1, groupId=group_id] Node -1 disconnected.
2026-07-28T11:12:35.668+03:00  WARN 11776 --- [backend-06-26] [org.springframework.kafka.KafkaListenerEndpointContainer#0-0-C-1] org.apache.kafka.clients.NetworkClient   : [Consumer clientId=consumer-group_id-1, groupId=group_id] Connection to node -1 (localhost/127.0.0.1:9092) could not be established. Node may not be available.
2026-07-28T11:12:35.669+03:00  WARN 11776 --- [backend-06-26] [org.springframework.kafka.KafkaListenerEndpointContainer#0-0-C-1] org.apache.kafka.clients.NetworkClient   : [Consumer clientId=consumer-group_id-1, groupId=group_id] Bootstrap broker localhost:9092 (id: -1 rack: null isFenced: false) disconnected
2026-07-28T11:12:36.531+03:00  INFO 11776 --- [backend-06-26] [org.springframework.kafka.KafkaListenerEndpointContainer#0-0-C-1] org.apache.kafka.clients.NetworkClient   : [Consumer clientId=consumer-group_id-1, groupId=group_id] Node -1 disconnected.
2026-07-28T11:12:36.531+03:00  WARN 11776 --- [backend-06-26] [org.springframework.kafka.KafkaListenerEndpointContainer#0-0-C-1] org.apache.kafka.clients.NetworkClient   : [Consumer clientId=consumer-group_id-1, groupId=group_id] Connection to node -1 (localhost/127.0.0.1:9092) could not be established. Node may not be available.
2026-07-28T11:12:36.531+03:00  WARN 11776 --- [backend-06-26] [org.springframework.kafka.KafkaListenerEndpointContainer#0-0-C-1] org.apache.kafka.clients.NetworkClient   : [Consumer clientId=consumer-group_id-1, groupId=group_id] Bootstrap broker localhost:9092 (id: -1 rack: null isFenced: false) disconnected
2026-07-28T11:12:36.652+03:00  INFO 11776 --- [backend-06-26] [org.springframework.kafka.KafkaListenerEndpointContainer#0-0-C-1] org.apache.kafka.clients.Metadata        : [Consumer clientId=consumer-group_id-1, groupId=group_id] Rebootstrapping with [localhost/127.0.0.1:9092]
2026-07-28T11:12:36.714+03:00  INFO 11776 --- [backend-06-26] [org.springframework.kafka.KafkaListenerEndpointContainer#0-0-C-1] org.apache.kafka.clients.Metadata        : [Consumer clientId=consumer-group_id-1, groupId=group_id] Rebootstrapping with [localhost/127.0.0.1:9092]
2026-07-28T11:12:37.077+03:00  INFO 11776 --- [backend-06-26] [org.springframework.kafka.KafkaListenerEndpointContainer#0-0-C-1] org.apache.kafka.clients.Metadata        : [Consumer clientId=consumer-group_id-1, groupId=group_id] Rebootstrapping with [localhost/127.0.0.1:9092]
2026-07-28T11:12:37.078+03:00  INFO 11776 --- [backend-06-26] [org.springframework.kafka.KafkaListenerEndpointContainer#0-0-C-1] org.apache.kafka.clients.Metadata        : [Consumer clientId=consumer-group_id-1, groupId=group_id] Rebootstrapping with [localhost/127.0.0.1:9092]
2026-07-28T11:12:37.079+03:00  INFO 11776 --- [backend-06-26] [org.springframework.kafka.KafkaListenerEndpointContainer#0-0-C-1] org.apache.kafka.clients.Metadata        : [Consumer clientId=consumer-group_id-1, groupId=group_id] Rebootstrapping with [localhost/127.0.0.1:9092]
2026-07-28T11:12:37.179+03:00  INFO 11776 --- [backend-06-26] [org.springframework.kafka.KafkaListenerEndpointContainer#0-0-C-1] org.apache.kafka.clients.Metadata        : [Consumer clientId=consumer-group_id-1, groupId=group_id] Rebootstrapping with [localhost/127.0.0.1:9092]
2026-07-28T11:12:37.242+03:00  INFO 11776 --- [backend-06-26] [org.springframework.kafka.KafkaListenerEndpointContainer#0-0-C-1] org.apache.kafka.clients.Metadata        : [Consumer clientId=consumer-group_id-1, groupId=group_id] Rebootstrapping with [localhost/127.0.0.1:9092]
2026-07-28T11:12:37.412+03:00  INFO 11776 --- [backend-06-26] [org.springframework.kafka.KafkaListenerEndpointContainer#0-0-C-1] org.apache.kafka.clients.Metadata        : [Consumer clientId=consumer-group_id-1, groupId=group_id] Rebootstrapping with [localhost/127.0.0.1:9092]
2026-07-28T11:12:37.475+03:00  INFO 11776 --- [backend-06-26] [org.springframework.kafka.KafkaListenerEndpointContainer#0-0-C-1] org.apache.kafka.clients.Metadata        : [Consumer clientId=consumer-group_id-1, groupId=group_id] Rebootstrapping with [localhost/127.0.0.1:9092]
2026-07-28T11:12:37.929+03:00  INFO 11776 --- [backend-06-26] [org.springframework.kafka.KafkaListenerEndpointContainer#0-0-C-1] org.apache.kafka.clients.NetworkClient   : [Consumer clientId=consumer-group_id-1, groupId=group_id] Node -1 disconnected.
2026-07-28T11:12:37.929+03:00  WARN 11776 --- [backend-06-26] [org.springframework.kafka.KafkaListenerEndpointContainer#0-0-C-1] org.apache.kafka.clients.NetworkClient   : [Consumer clientId=consumer-group_id-1, groupId=group_id] Connection to node -1 (localhost/127.0.0.1:9092) could not be established. Node may not be available.
2026-07-28T11:12:37.930+03:00  WARN 11776 --- [backend-06-26] [org.springframework.kafka.KafkaListenerEndpointContainer#0-0-C-1] org.apache.kafka.clients.NetworkClient   : [Consumer clientId=consumer-group_id-1, groupId=group_id] Bootstrap broker localhost:9092 (id: -1 rack: null isFenced: false) disconnected
2026-07-28T11:12:38.843+03:00  INFO 11776 --- [backend-06-26] [org.springframework.kafka.KafkaListenerEndpointContainer#0-0-C-1] org.apache.kafka.clients.NetworkClient   : [Consumer clientId=consumer-group_id-1, groupId=group_id] Node -1 disconnected.
2026-07-28T11:12:38.843+03:00  WARN 11776 --- [backend-06-26] [org.springframework.kafka.KafkaListenerEndpointContainer#0-0-C-1] org.apache.kafka.clients.NetworkClient   : [Consumer clientId=consumer-group_id-1, groupId=group_id] Connection to node -1 (localhost/127.0.0.1:9092) could not be established. Node may not be available.
2026-07-28T11:12:38.843+03:00  WARN 11776 --- [backend-06-26] [org.springframework.kafka.KafkaListenerEndpointContainer#0-0-C-1] org.apache.kafka.clients.NetworkClient   : [Consumer clientId=consumer-group_id-1, groupId=group_id] Bootstrap broker localhost:9092 (id: -1 rack: null isFenced: false) disconnected
2026-07-28T11:12:38.845+03:00  INFO 11776 --- [backend-06-26] [org.springframework.kafka.KafkaListenerEndpointContainer#0-0-C-1] org.apache.kafka.clients.Metadata        : [Consumer clientId=consumer-group_id-1, groupId=group_id] Rebootstrapping with [localhost/127.0.0.1:9092]
2026-07-28T11:12:39.783+03:00  INFO 11776 --- [backend-06-26] [org.springframework.kafka.KafkaListenerEndpointContainer#0-0-C-1] org.apache.kafka.clients.NetworkClient   : [Consumer clientId=consumer-group_id-1, groupId=group_id] Node -1 disconnected.
2026-07-28T11:12:39.783+03:00  WARN 11776 --- [backend-06-26] [org.springframework.kafka.KafkaListenerEndpointContainer#0-0-C-1] org.apache.kafka.clients.NetworkClient   : [Consumer clientId=consumer-group_id-1, groupId=group_id] Connection to node -1 (localhost/127.0.0.1:9092) could not be established. Node may not be available.
2026-07-28T11:12:39.783+03:00  WARN 11776 --- [backend-06-26] [org.springframework.kafka.KafkaListenerEndpointContainer#0-0-C-1] org.apache.kafka.clients.NetworkClient   : [Consumer clientId=consumer-group_id-1, groupId=group_id] Bootstrap broker localhost:9092 (id: -1 rack: null isFenced: false) disconnected
2026-07-28T11:12:40.660+03:00  INFO 11776 --- [backend-06-26] [org.springframework.kafka.KafkaListenerEndpointContainer#0-0-C-1] org.apache.kafka.clients.NetworkClient   : [Consumer clientId=consumer-group_id-1, groupId=group_id] Node -1 disconnected.
2026-07-28T11:12:40.661+03:00  WARN 11776 --- [backend-06-26] [org.springframework.kafka.KafkaListenerEndpointContainer#0-0-C-1] org.apache.kafka.clients.NetworkClient   : [Consumer clientId=consumer-group_id-1, groupId=group_id] Connection to node -1 (localhost/127.0.0.1:9092) could not be established. Node may not be available.
2026-07-28T11:12:40.661+03:00  WARN 11776 --- [backend-06-26] [org.springframework.kafka.KafkaListenerEndpointContainer#0-0-C-1] org.apache.kafka.clients.NetworkClient   : [Consumer clientId=consumer-group_id-1, groupId=group_id] Bootstrap broker localhost:9092 (id: -1 rack: null isFenced: false) disconnected
2026-07-28T11:12:40.783+03:00  INFO 11776 --- [backend-06-26] [org.springframework.kafka.KafkaListenerEndpointContainer#0-0-C-1] org.apache.kafka.clients.Metadata        : [Consumer clientId=consumer-group_id-1, groupId=group_id] Rebootstrapping with [localhost/127.0.0.1:9092]
2026-07-28T11:12:40.846+03:00  INFO 11776 --- [backend-06-26] [org.springframework.kafka.KafkaListenerEndpointContainer#0-0-C-1] org.apache.kafka.clients.Metadata        : [Consumer clientId=consumer-group_id-1, groupId=group_id] Rebootstrapping with [localhost/127.0.0.1:9092]
2026-07-28T11:12:41.855+03:00  INFO 11776 --- [backend-06-26] [org.springframework.kafka.KafkaListenerEndpointContainer#0-0-C-1] org.apache.kafka.clients.NetworkClient   : [Consumer clientId=consumer-group_id-1, groupId=group_id] Node -1 disconnected.
2026-07-28T11:12:41.856+03:00  WARN 11776 --- [backend-06-26] [org.springframework.kafka.KafkaListenerEndpointContainer#0-0-C-1] org.apache.kafka.clients.NetworkClient   : [Consumer clientId=consumer-group_id-1, groupId=group_id] Connection to node -1 (localhost/127.0.0.1:9092) could not be established. Node may not be available.
2026-07-28T11:12:41.856+03:00  WARN 11776 --- [backend-06-26] [org.springframework.kafka.KafkaListenerEndpointContainer#0-0-C-1] org.apache.kafka.clients.NetworkClient   : [Consumer clientId=consumer-group_id-1, groupId=group_id] Bootstrap broker localhost:9092 (id: -1 rack: null isFenced: false) disconnected
2026-07-28T11:12:42.866+03:00  INFO 11776 --- [backend-06-26] [org.springframework.kafka.KafkaListenerEndpointContainer#0-0-C-1] org.apache.kafka.clients.NetworkClient   : [Consumer clientId=consumer-group_id-1, groupId=group_id] Node -1 disconnected.
2026-07-28T11:12:42.869+03:00  WARN 11776 --- [backend-06-26] [org.springframework.kafka.KafkaListenerEndpointContainer#0-0-C-1] org.apache.kafka.clients.NetworkClient   : [Consumer clientId=consumer-group_id-1, groupId=group_id] Connection to node -1 (localhost/127.0.0.1:9092) could not be established. Node may not be available.
2026-07-28T11:12:42.869+03:00  WARN 11776 --- [backend-06-26] [org.springframework.kafka.KafkaListenerEndpointContainer#0-0-C-1] org.apache.kafka.clients.NetworkClient   : [Consumer clientId=consumer-group_id-1, groupId=group_id] Bootstrap broker localhost:9092 (id: -1 rack: null isFenced: false) disconnected
2026-07-28T11:12:43.732+03:00  INFO 11776 --- [backend-06-26] [org.springframework.kafka.KafkaListenerEndpointContainer#0-0-C-1] org.apache.kafka.clients.NetworkClient   : [Consumer clientId=consumer-group_id-1, groupId=group_id] Node -1 disconnected.
2026-07-28T11:12:43.732+03:00  WARN 11776 --- [backend-06-26] [org.springframework.kafka.KafkaListenerEndpointContainer#0-0-C-1] org.apache.kafka.clients.NetworkClient   : [Consumer clientId=consumer-group_id-1, groupId=group_id] Connection to node -1 (localhost/127.0.0.1:9092) could not be established. Node may not be available.
2026-07-28T11:12:43.733+03:00  WARN 11776 --- [backend-06-26] [org.springframework.kafka.KafkaListenerEndpointContainer#0-0-C-1] org.apache.kafka.clients.NetworkClient   : [Consumer clientId=consumer-group_id-1, groupId=group_id] Bootstrap broker localhost:9092 (id: -1 rack: null isFenced: false) disconnected
2026-07-28T11:12:43.856+03:00  INFO 11776 --- [backend-06-26] [org.springframework.kafka.KafkaListenerEndpointContainer#0-0-C-1] org.apache.kafka.clients.Metadata        : [Consumer clientId=consumer-group_id-1, groupId=group_id] Rebootstrapping with [localhost/127.0.0.1:9092]
2026-07-28T11:12:43.918+03:00  INFO 11776 --- [backend-06-26] [org.springframework.kafka.KafkaListenerEndpointContainer#0-0-C-1] org.apache.kafka.clients.Metadata        : [Consumer clientId=consumer-group_id-1, groupId=group_id] Rebootstrapping with [localhost/127.0.0.1:9092]
2026-07-28T11:12:44.096+03:00  INFO 11776 --- [backend-06-26] [org.springframework.kafka.KafkaListenerEndpointContainer#0-0-C-1] org.apache.kafka.clients.Metadata        : [Consumer clientId=consumer-group_id-1, groupId=group_id] Rebootstrapping with [localhost/127.0.0.1:9092]
2026-07-28T11:12:44.150+03:00  INFO 11776 --- [backend-06-26] [org.springframework.kafka.KafkaListenerEndpointContainer#0-0-C-1] org.apache.kafka.clients.Metadata        : [Consumer clientId=consumer-group_id-1, groupId=group_id] Rebootstrapping with [localhost/127.0.0.1:9092]
2026-07-28T11:12:44.510+03:00  INFO 11776 --- [backend-06-26] [org.springframework.kafka.KafkaListenerEndpointContainer#0-0-C-1] org.apache.kafka.clients.Metadata        : [Consumer clientId=consumer-group_id-1, groupId=group_id] Rebootstrapping with [localhost/127.0.0.1:9092]
2026-07-28T11:12:44.570+03:00  INFO 11776 --- [backend-06-26] [org.springframework.kafka.KafkaListenerEndpointContainer#0-0-C-1] org.apache.kafka.clients.Metadata        : [Consumer clientId=consumer-group_id-1, groupId=group_id] Rebootstrapping with [localhost/127.0.0.1:9092]
2026-07-28T11:12:45.336+03:00  INFO 11776 --- [backend-06-26] [org.springframework.kafka.KafkaListenerEndpointContainer#0-0-C-1] org.apache.kafka.clients.NetworkClient   : [Consumer clientId=consumer-group_id-1, groupId=group_id] Node -1 disconnected.
2026-07-28T11:12:45.337+03:00  WARN 11776 --- [backend-06-26] [org.springframework.kafka.KafkaListenerEndpointContainer#0-0-C-1] org.apache.kafka.clients.NetworkClient   : [Consumer clientId=consumer-group_id-1, groupId=group_id] Connection to node -1 (localhost/127.0.0.1:9092) could not be established. Node may not be available.
2026-07-28T11:12:45.337+03:00  WARN 11776 --- [backend-06-26] [org.springframework.kafka.KafkaListenerEndpointContainer#0-0-C-1] org.apache.kafka.clients.NetworkClient   : [Consumer clientId=consumer-group_id-1, groupId=group_id] Bootstrap broker localhost:9092 (id: -1 rack: null isFenced: false) disconnected
2026-07-28T11:12:46.263+03:00  INFO 11776 --- [backend-06-26] [org.springframework.kafka.KafkaListenerEndpointContainer#0-0-C-1] org.apache.kafka.clients.Metadata        : [Consumer clientId=consumer-group_id-1, groupId=group_id] Rebootstrapping with [localhost/127.0.0.1:9092]
2026-07-28T11:12:47.090+03:00  INFO 11776 --- [backend-06-26] [org.springframework.kafka.KafkaListenerEndpointContainer#0-0-C-1] org.apache.kafka.clients.NetworkClient   : [Consumer clientId=consumer-group_id-1, groupId=group_id] Node -1 disconnected.
2026-07-28T11:12:47.091+03:00  WARN 11776 --- [backend-06-26] [org.springframework.kafka.KafkaListenerEndpointContainer#0-0-C-1] org.apache.kafka.clients.NetworkClient   : [Consumer clientId=consumer-group_id-1, groupId=group_id] Connection to node -1 (localhost/127.0.0.1:9092) could not be established. Node may not be available.
2026-07-28T11:12:47.091+03:00  WARN 11776 --- [backend-06-26] [org.springframework.kafka.KafkaListenerEndpointContainer#0-0-C-1] org.apache.kafka.clients.NetworkClient   : [Consumer clientId=consumer-group_id-1, groupId=group_id] Bootstrap broker localhost:9092 (id: -1 rack: null isFenced: false) disconnected
2026-07-28T11:12:47.727+03:00  INFO 11776 --- [backend-06-26] [org.springframework.kafka.KafkaListenerEndpointContainer#0-0-C-1] o.a.k.c.c.internals.ConsumerCoordinator  : [Consumer clientId=consumer-group_id-1, groupId=group_id] Resetting generation and member id due to: consumer pro-actively leaving the group
2026-07-28T11:12:47.728+03:00  INFO 11776 --- [backend-06-26] [org.springframework.kafka.KafkaListenerEndpointContainer#0-0-C-1] o.a.k.c.c.internals.ConsumerCoordinator  : [Consumer clientId=consumer-group_id-1, groupId=group_id] Request joining group due to: consumer pro-actively leaving the group
2026-07-28T11:12:47.728+03:00  INFO 11776 --- [backend-06-26] [org.springframework.kafka.KafkaListenerEndpointContainer#0-0-C-1] o.a.k.c.c.i.ClassicKafkaConsumer         : [Consumer clientId=consumer-group_id-1, groupId=group_id] Unsubscribed all topics or patterns and assigned partitions
2026-07-28T11:12:47.734+03:00  INFO 11776 --- [backend-06-26] [org.springframework.kafka.KafkaListenerEndpointContainer#0-0-C-1] o.a.k.c.c.internals.ConsumerCoordinator  : [Consumer clientId=consumer-group_id-1, groupId=group_id] Resetting generation and member id due to: consumer pro-actively leaving the group
2026-07-28T11:12:47.736+03:00  INFO 11776 --- [backend-06-26] [org.springframework.kafka.KafkaListenerEndpointContainer#0-0-C-1] o.a.k.c.c.internals.ConsumerCoordinator  : [Consumer clientId=consumer-group_id-1, groupId=group_id] Request joining group due to: consumer pro-actively leaving the group
2026-07-28T11:12:47.745+03:00  INFO 11776 --- [backend-06-26] [org.springframework.kafka.KafkaListenerEndpointContainer#0-0-C-1] o.apache.kafka.common.metrics.Metrics    : Metrics scheduler closed
2026-07-28T11:12:47.746+03:00  INFO 11776 --- [backend-06-26] [org.springframework.kafka.KafkaListenerEndpointContainer#0-0-C-1] o.apache.kafka.common.metrics.Metrics    : Closing reporter org.apache.kafka.common.metrics.JmxReporter
2026-07-28T11:12:47.747+03:00  INFO 11776 --- [backend-06-26] [org.springframework.kafka.KafkaListenerEndpointContainer#0-0-C-1] o.apache.kafka.common.metrics.Metrics    : Closing reporter org.apache.kafka.common.telemetry.internals.ClientTelemetryReporter
2026-07-28T11:12:47.747+03:00  INFO 11776 --- [backend-06-26] [org.springframework.kafka.KafkaListenerEndpointContainer#0-0-C-1] o.apache.kafka.common.metrics.Metrics    : Metrics reporters closed
2026-07-28T11:12:47.762+03:00  INFO 11776 --- [backend-06-26] [org.springframework.kafka.KafkaListenerEndpointContainer#0-0-C-1] o.a.kafka.common.utils.AppInfoParser     : App info kafka.consumer for consumer-group_id-1 unregistered
2026-07-28T11:12:47.763+03:00  INFO 11776 --- [backend-06-26] [org.springframework.kafka.KafkaListenerEndpointContainer#0-0-C-1] o.s.k.l.KafkaMessageListenerContainer    : group_id: Consumer stopped
2026-07-28T11:12:47.770+03:00  INFO 11776 --- [backend-06-26] [SpringApplicationShutdownHook] o.s.boot.tomcat.GracefulShutdown         : Commencing graceful shutdown. Waiting for active requests to complete
2026-07-28T11:12:47.823+03:00  INFO 11776 --- [backend-06-26] [tomcat-shutdown] o.s.boot.tomcat.GracefulShutdown         : Graceful shutdown complete
2026-07-28T11:12:47.831+03:00  INFO 11776 --- [backend-06-26] [SpringApplicationShutdownHook] o.s.m.s.b.SimpleBrokerMessageHandler     : Stopping...
2026-07-28T11:12:47.832+03:00  INFO 11776 --- [backend-06-26] [SpringApplicationShutdownHook] o.s.m.s.b.SimpleBrokerMessageHandler     : BrokerAvailabilityEvent[available=false, SimpleBrokerMessageHandler [org.springframework.messaging.simp.broker.DefaultSubscriptionRegistry@7e4fc391]]
2026-07-28T11:12:47.832+03:00  INFO 11776 --- [backend-06-26] [SpringApplicationShutdownHook] o.s.m.s.b.SimpleBrokerMessageHandler     : Stopped.
2026-07-28T11:12:47.894+03:00  INFO 11776 --- [backend-06-26] [SpringApplicationShutdownHook] j.LocalContainerEntityManagerFactoryBean : Closing JPA EntityManagerFactory for persistence unit 'default'
2026-07-28T11:12:47.901+03:00  INFO 11776 --- [backend-06-26] [SpringApplicationShutdownHook] com.zaxxer.hikari.HikariDataSource       : HikariPool-1 - Shutdown initiated...
2026-07-28T11:12:49.633+03:00  INFO 11776 --- [backend-06-26] [SpringApplicationShutdownHook] com.zaxxer.hikari.HikariDataSource       : HikariPool-1 - Shutdown completed.
2026-07-28T11:51:38.999+03:00  INFO 26464 --- [backend-06-26] [main] e.n.backend0626.Backend0626Application   : Starting Backend0626Application using Java 21.0.11 with PID 26464 (C:\Users\keyen\Documents\GitHub\backend-06-26\target\classes started by keyen in C:\Users\keyen\Documents\GitHub\backend-06-26)
2026-07-28T11:51:39.005+03:00  INFO 26464 --- [backend-06-26] [main] e.n.backend0626.Backend0626Application   : The following 1 profile is active: "prod"
2026-07-28T11:51:41.199+03:00  INFO 26464 --- [backend-06-26] [main] .s.d.r.c.RepositoryConfigurationDelegate : Multiple Spring Data modules found, entering strict repository configuration mode
2026-07-28T11:51:41.202+03:00  INFO 26464 --- [backend-06-26] [main] .s.d.r.c.RepositoryConfigurationDelegate : Bootstrapping Spring Data JPA repositories in DEFAULT mode.
2026-07-28T11:51:41.516+03:00  INFO 26464 --- [backend-06-26] [main] .s.d.r.c.RepositoryConfigurationDelegate : Finished Spring Data repository scanning in 294 ms. Found 5 JPA repository interfaces.
2026-07-28T11:51:41.604+03:00  INFO 26464 --- [backend-06-26] [main] .s.d.r.c.RepositoryConfigurationDelegate : Multiple Spring Data modules found, entering strict repository configuration mode
2026-07-28T11:51:41.607+03:00  INFO 26464 --- [backend-06-26] [main] .s.d.r.c.RepositoryConfigurationDelegate : Bootstrapping Spring Data Redis repositories in DEFAULT mode.
2026-07-28T11:51:41.639+03:00  INFO 26464 --- [backend-06-26] [main] .RepositoryConfigurationExtensionSupport : Spring Data Redis - Could not safely identify store assignment for repository candidate interface ee.nikolas.backend0626.repository.CategoryRepository; If you want this repository to be a Redis repository, consider annotating your entities with one of these annotations: org.springframework.data.redis.core.RedisHash (preferred), or consider extending one of the following types with your repository: org.springframework.data.keyvalue.repository.KeyValueRepository
2026-07-28T11:51:41.641+03:00  INFO 26464 --- [backend-06-26] [main] .RepositoryConfigurationExtensionSupport : Spring Data Redis - Could not safely identify store assignment for repository candidate interface ee.nikolas.backend0626.repository.FileDBRepository; If you want this repository to be a Redis repository, consider annotating your entities with one of these annotations: org.springframework.data.redis.core.RedisHash (preferred), or consider extending one of the following types with your repository: org.springframework.data.keyvalue.repository.KeyValueRepository
2026-07-28T11:51:41.642+03:00  INFO 26464 --- [backend-06-26] [main] .RepositoryConfigurationExtensionSupport : Spring Data Redis - Could not safely identify store assignment for repository candidate interface ee.nikolas.backend0626.repository.OrderRepository; If you want this repository to be a Redis repository, consider annotating your entities with one of these annotations: org.springframework.data.redis.core.RedisHash (preferred), or consider extending one of the following types with your repository: org.springframework.data.keyvalue.repository.KeyValueRepository
2026-07-28T11:51:41.642+03:00  INFO 26464 --- [backend-06-26] [main] .RepositoryConfigurationExtensionSupport : Spring Data Redis - Could not safely identify store assignment for repository candidate interface ee.nikolas.backend0626.repository.PersonRepository; If you want this repository to be a Redis repository, consider annotating your entities with one of these annotations: org.springframework.data.redis.core.RedisHash (preferred), or consider extending one of the following types with your repository: org.springframework.data.keyvalue.repository.KeyValueRepository
2026-07-28T11:51:41.643+03:00  INFO 26464 --- [backend-06-26] [main] .RepositoryConfigurationExtensionSupport : Spring Data Redis - Could not safely identify store assignment for repository candidate interface ee.nikolas.backend0626.repository.ProductRepository; If you want this repository to be a Redis repository, consider annotating your entities with one of these annotations: org.springframework.data.redis.core.RedisHash (preferred), or consider extending one of the following types with your repository: org.springframework.data.keyvalue.repository.KeyValueRepository
2026-07-28T11:51:41.643+03:00  INFO 26464 --- [backend-06-26] [main] .s.d.r.c.RepositoryConfigurationDelegate : Finished Spring Data repository scanning in 18 ms. Found 0 Redis repository interfaces.
2026-07-28T11:51:43.091+03:00  INFO 26464 --- [backend-06-26] [main] o.s.boot.tomcat.TomcatWebServer          : Tomcat initialized with port 8080 (http)
2026-07-28T11:51:43.114+03:00  INFO 26464 --- [backend-06-26] [main] o.apache.catalina.core.StandardService   : Starting service [Tomcat]
2026-07-28T11:51:43.114+03:00  INFO 26464 --- [backend-06-26] [main] o.apache.catalina.core.StandardEngine    : Starting Servlet engine: [Apache Tomcat/11.0.21]
2026-07-28T11:51:43.250+03:00  INFO 26464 --- [backend-06-26] [main] b.w.c.s.WebApplicationContextInitializer : Root WebApplicationContext: initialization completed in 4102 ms
2026-07-28T11:51:43.648+03:00  INFO 26464 --- [backend-06-26] [main] org.hibernate.orm.jpa                    : HHH008540: Processing PersistenceUnitInfo [name: default]
2026-07-28T11:51:43.748+03:00  INFO 26464 --- [backend-06-26] [main] org.hibernate.orm.core                   : HHH000001: Hibernate ORM core version 7.2.12.Final
2026-07-28T11:51:44.755+03:00  INFO 26464 --- [backend-06-26] [main] o.s.o.j.p.SpringPersistenceUnitInfo      : No LoadTimeWeaver setup: ignoring JPA class transformer
2026-07-28T11:51:44.840+03:00  INFO 26464 --- [backend-06-26] [main] com.zaxxer.hikari.HikariDataSource       : HikariPool-1 - Starting...
2026-07-28T11:51:47.137+03:00  INFO 26464 --- [backend-06-26] [main] com.zaxxer.hikari.pool.HikariPool        : HikariPool-1 - Added connection org.postgresql.jdbc.PgConnection@52ccf197
2026-07-28T11:51:47.140+03:00  INFO 26464 --- [backend-06-26] [main] com.zaxxer.hikari.HikariDataSource       : HikariPool-1 - Start completed.
2026-07-28T11:51:48.463+03:00  INFO 26464 --- [backend-06-26] [main] org.hibernate.orm.connections.pooling    : HHH10001005: Database info:
	Database JDBC URL [jdbc:postgresql://dpg-d9bi856cjfls738edtug-a.oregon-postgres.render.com/veebipood0626]
	Database driver: PostgreSQL JDBC Driver
	Database dialect: PostgreSQLDialect
	Database version: 18.4
	Default catalog/schema: veebipood0626/public
	Autocommit mode: undefined/unknown
	Isolation level: READ_COMMITTED [default READ_COMMITTED]
	JDBC fetch size: none
	Pool: DataSourceConnectionProvider
	Minimum pool size: undefined/unknown
	Maximum pool size: undefined/unknown
2026-07-28T11:51:52.278+03:00  INFO 26464 --- [backend-06-26] [main] org.hibernate.orm.core                   : HHH000489: No JTA platform available (set 'hibernate.transaction.jta.platform' to enable JTA platform integration)
2026-07-28T11:51:54.103+03:00  INFO 26464 --- [backend-06-26] [main] j.LocalContainerEntityManagerFactoryBean : Initialized JPA EntityManagerFactory for persistence unit 'default'
2026-07-28T11:51:55.367+03:00  INFO 26464 --- [backend-06-26] [main] o.s.d.j.r.query.QueryEnhancerFactories   : Hibernate is in classpath; If applicable, HQL parser will be used.
2026-07-28T11:51:58.338+03:00  WARN 26464 --- [backend-06-26] [main] JpaBaseConfiguration$JpaWebConfiguration : spring.jpa.open-in-view is enabled by default. Therefore, database queries may be performed during view rendering. Explicitly configure spring.jpa.open-in-view to disable this warning
2026-07-28T11:51:58.680+03:00 DEBUG 26464 --- [backend-06-26] [main] swordEncoderAuthenticationManagerBuilder : No authenticationProviders and no parentAuthenticationManager defined. Returning null.
2026-07-28T11:51:59.496+03:00 DEBUG 26464 --- [backend-06-26] [main] o.s.s.web.DefaultSecurityFilterChain     : Will secure any request with filters: DisableEncodeUrlFilter, WebAsyncManagerIntegrationFilter, SecurityContextHolderFilter, HeaderWriterFilter, LogoutFilter, OAuth2ProtectedResourceMetadataFilter, BearerTokenAuthenticationFilter, AuthenticationFilter, RequestCacheAwareFilter, SecurityContextHolderAwareRequestFilter, AnonymousAuthenticationFilter, SessionManagementFilter, ExceptionTranslationFilter, AuthorizationFilter
2026-07-28T11:52:01.410+03:00  INFO 26464 --- [backend-06-26] [main] o.s.v.b.OptionalValidatorFactoryBean     : Failed to set up a Bean Validation provider: jakarta.validation.NoProviderFoundException: Unable to create a Configuration, because no Jakarta Validation provider could be found. Add a provider like Hibernate Validator (RI) to your classpath.
2026-07-28T11:52:01.827+03:00  INFO 26464 --- [backend-06-26] [main] o.s.b.w.a.WelcomePageHandlerMapping      : Adding welcome page: class path resource [static/index.html]
2026-07-28T11:52:04.192+03:00  INFO 26464 --- [backend-06-26] [main] o.s.m.s.b.SimpleBrokerMessageHandler     : Starting...
2026-07-28T11:52:04.195+03:00  INFO 26464 --- [backend-06-26] [main] o.s.m.s.b.SimpleBrokerMessageHandler     : BrokerAvailabilityEvent[available=true, SimpleBrokerMessageHandler [org.springframework.messaging.simp.broker.DefaultSubscriptionRegistry@8d0d52a]]
2026-07-28T11:52:04.199+03:00  INFO 26464 --- [backend-06-26] [main] o.s.m.s.b.SimpleBrokerMessageHandler     : Started.
2026-07-28T11:52:04.237+03:00  INFO 26464 --- [backend-06-26] [main] o.s.boot.tomcat.TomcatWebServer          : Tomcat started on port 8080 (http) with context path '/'
2026-07-28T11:52:04.269+03:00  INFO 26464 --- [backend-06-26] [main] e.n.backend0626.Backend0626Application   : Started Backend0626Application in 26.504 seconds (process running for 28.374)
2026-07-28T11:52:38.140+03:00  INFO 26464 --- [backend-06-26] [http-nio-8080-exec-2] o.a.c.c.C.[Tomcat].[localhost].[/]       : Initializing Spring DispatcherServlet 'dispatcherServlet'
2026-07-28T11:52:38.141+03:00  INFO 26464 --- [backend-06-26] [http-nio-8080-exec-2] o.s.web.servlet.DispatcherServlet        : Initializing Servlet 'dispatcherServlet'
2026-07-28T11:52:38.149+03:00  INFO 26464 --- [backend-06-26] [http-nio-8080-exec-2] o.s.web.servlet.DispatcherServlet        : Completed initialization in 8 ms
2026-07-28T11:52:38.181+03:00 DEBUG 26464 --- [backend-06-26] [http-nio-8080-exec-2] o.s.security.web.FilterChainProxy        : Securing GET /orders
2026-07-28T11:52:38.493+03:00 DEBUG 26464 --- [backend-06-26] [http-nio-8080-exec-2] er$RestTemplateWithNimbusDefaultTimeouts : HTTP GET http://localhost:9090/realms/webshop-users/protocol/openid-connect/certs
2026-07-28T11:52:38.531+03:00 DEBUG 26464 --- [backend-06-26] [http-nio-8080-exec-2] er$RestTemplateWithNimbusDefaultTimeouts : Accept=[text/plain, application/json, application/yaml, application/*+json, */*]
2026-07-28T11:52:38.582+03:00 DEBUG 26464 --- [backend-06-26] [http-nio-8080-exec-2] er$RestTemplateWithNimbusDefaultTimeouts : Response 200 OK
2026-07-28T11:52:38.586+03:00 DEBUG 26464 --- [backend-06-26] [http-nio-8080-exec-2] er$RestTemplateWithNimbusDefaultTimeouts : Reading to [java.lang.String] as "application/json;charset=UTF-8"
2026-07-28T11:52:38.667+03:00 DEBUG 26464 --- [backend-06-26] [http-nio-8080-exec-2] o.s.s.o.s.r.a.JwtAuthenticationProvider  : Authenticated token
2026-07-28T11:52:38.672+03:00 DEBUG 26464 --- [backend-06-26] [http-nio-8080-exec-2] .s.r.w.a.BearerTokenAuthenticationFilter : Set SecurityContextHolder to JwtAuthenticationToken [Principal=org.springframework.security.oauth2.jwt.Jwt@f9dbd063, Credentials=[PROTECTED], Authenticated=true, Details=WebAuthenticationDetails [RemoteIpAddress=0:0:0:0:0:0:0:1, SessionId=null], Granted Authorities=[SCOPE_email, ROLE_role_admin, SCOPE_profile]]
2026-07-28T11:53:04.060+03:00  INFO 26464 --- [backend-06-26] [MessageBroker-1] o.s.w.s.c.WebSocketMessageBrokerStats    : WebSocketSession[0 current WS(0)-HttpStream(0)-HttpPoll(0), 0 total, 0 closed abnormally (0 connect failure, 0 send limit, 0 transport error)], stompSubProtocol[processed CONNECT(0)-CONNECTED(0)-DISCONNECT(0)], stompBrokerRelay[null], inboundChannel[pool size = 0, active threads = 0, queued tasks = 0, completed tasks = 0], outboundChannel[pool size = 0, active threads = 0, queued tasks = 0, completed tasks = 0], sockJsScheduler[pool size = 3, active threads = 1, queued tasks = 2, completed tasks = 0]
2026-07-28T11:55:43.567+03:00  INFO 26464 --- [backend-06-26] [SpringApplicationShutdownHook] o.s.boot.tomcat.GracefulShutdown         : Commencing graceful shutdown. Waiting for active requests to complete
2026-07-28T11:55:43.613+03:00  INFO 26464 --- [backend-06-26] [tomcat-shutdown] o.s.boot.tomcat.GracefulShutdown         : Graceful shutdown complete
2026-07-28T11:55:43.617+03:00  INFO 26464 --- [backend-06-26] [SpringApplicationShutdownHook] o.s.m.s.b.SimpleBrokerMessageHandler     : Stopping...
2026-07-28T11:55:43.617+03:00  INFO 26464 --- [backend-06-26] [SpringApplicationShutdownHook] o.s.m.s.b.SimpleBrokerMessageHandler     : BrokerAvailabilityEvent[available=false, SimpleBrokerMessageHandler [org.springframework.messaging.simp.broker.DefaultSubscriptionRegistry@8d0d52a]]
2026-07-28T11:55:43.617+03:00  INFO 26464 --- [backend-06-26] [SpringApplicationShutdownHook] o.s.m.s.b.SimpleBrokerMessageHandler     : Stopped.
2026-07-28T11:55:43.668+03:00  INFO 26464 --- [backend-06-26] [SpringApplicationShutdownHook] j.LocalContainerEntityManagerFactoryBean : Closing JPA EntityManagerFactory for persistence unit 'default'
2026-07-28T11:55:43.672+03:00  INFO 26464 --- [backend-06-26] [SpringApplicationShutdownHook] com.zaxxer.hikari.HikariDataSource       : HikariPool-1 - Shutdown initiated...
2026-07-28T11:55:45.389+03:00  INFO 26464 --- [backend-06-26] [SpringApplicationShutdownHook] com.zaxxer.hikari.HikariDataSource       : HikariPool-1 - Shutdown completed.
2026-07-28T11:55:56.709+03:00  INFO 40448 --- [backend-06-26] [main] e.n.backend0626.Backend0626Application   : Starting Backend0626Application using Java 21.0.11 with PID 40448 (C:\Users\keyen\Documents\GitHub\backend-06-26\target\classes started by keyen in C:\Users\keyen\Documents\GitHub\backend-06-26)
2026-07-28T11:55:56.721+03:00  INFO 40448 --- [backend-06-26] [main] e.n.backend0626.Backend0626Application   : The following 1 profile is active: "prod"
2026-07-28T11:55:59.612+03:00  INFO 40448 --- [backend-06-26] [main] .s.d.r.c.RepositoryConfigurationDelegate : Multiple Spring Data modules found, entering strict repository configuration mode
2026-07-28T11:55:59.620+03:00  INFO 40448 --- [backend-06-26] [main] .s.d.r.c.RepositoryConfigurationDelegate : Bootstrapping Spring Data JPA repositories in DEFAULT mode.
2026-07-28T11:56:00.147+03:00  INFO 40448 --- [backend-06-26] [main] .s.d.r.c.RepositoryConfigurationDelegate : Finished Spring Data repository scanning in 485 ms. Found 5 JPA repository interfaces.
2026-07-28T11:56:00.302+03:00  INFO 40448 --- [backend-06-26] [main] .s.d.r.c.RepositoryConfigurationDelegate : Multiple Spring Data modules found, entering strict repository configuration mode
2026-07-28T11:56:00.305+03:00  INFO 40448 --- [backend-06-26] [main] .s.d.r.c.RepositoryConfigurationDelegate : Bootstrapping Spring Data Redis repositories in DEFAULT mode.
2026-07-28T11:56:00.350+03:00  INFO 40448 --- [backend-06-26] [main] .RepositoryConfigurationExtensionSupport : Spring Data Redis - Could not safely identify store assignment for repository candidate interface ee.nikolas.backend0626.repository.CategoryRepository; If you want this repository to be a Redis repository, consider annotating your entities with one of these annotations: org.springframework.data.redis.core.RedisHash (preferred), or consider extending one of the following types with your repository: org.springframework.data.keyvalue.repository.KeyValueRepository
2026-07-28T11:56:00.354+03:00  INFO 40448 --- [backend-06-26] [main] .RepositoryConfigurationExtensionSupport : Spring Data Redis - Could not safely identify store assignment for repository candidate interface ee.nikolas.backend0626.repository.FileDBRepository; If you want this repository to be a Redis repository, consider annotating your entities with one of these annotations: org.springframework.data.redis.core.RedisHash (preferred), or consider extending one of the following types with your repository: org.springframework.data.keyvalue.repository.KeyValueRepository
2026-07-28T11:56:00.354+03:00  INFO 40448 --- [backend-06-26] [main] .RepositoryConfigurationExtensionSupport : Spring Data Redis - Could not safely identify store assignment for repository candidate interface ee.nikolas.backend0626.repository.OrderRepository; If you want this repository to be a Redis repository, consider annotating your entities with one of these annotations: org.springframework.data.redis.core.RedisHash (preferred), or consider extending one of the following types with your repository: org.springframework.data.keyvalue.repository.KeyValueRepository
2026-07-28T11:56:00.355+03:00  INFO 40448 --- [backend-06-26] [main] .RepositoryConfigurationExtensionSupport : Spring Data Redis - Could not safely identify store assignment for repository candidate interface ee.nikolas.backend0626.repository.PersonRepository; If you want this repository to be a Redis repository, consider annotating your entities with one of these annotations: org.springframework.data.redis.core.RedisHash (preferred), or consider extending one of the following types with your repository: org.springframework.data.keyvalue.repository.KeyValueRepository
2026-07-28T11:56:00.356+03:00  INFO 40448 --- [backend-06-26] [main] .RepositoryConfigurationExtensionSupport : Spring Data Redis - Could not safely identify store assignment for repository candidate interface ee.nikolas.backend0626.repository.ProductRepository; If you want this repository to be a Redis repository, consider annotating your entities with one of these annotations: org.springframework.data.redis.core.RedisHash (preferred), or consider extending one of the following types with your repository: org.springframework.data.keyvalue.repository.KeyValueRepository
2026-07-28T11:56:00.357+03:00  INFO 40448 --- [backend-06-26] [main] .s.d.r.c.RepositoryConfigurationDelegate : Finished Spring Data repository scanning in 25 ms. Found 0 Redis repository interfaces.
2026-07-28T11:56:02.172+03:00  INFO 40448 --- [backend-06-26] [main] o.s.boot.tomcat.TomcatWebServer          : Tomcat initialized with port 8080 (http)
2026-07-28T11:56:02.213+03:00  INFO 40448 --- [backend-06-26] [main] o.apache.catalina.core.StandardService   : Starting service [Tomcat]
2026-07-28T11:56:02.216+03:00  INFO 40448 --- [backend-06-26] [main] o.apache.catalina.core.StandardEngine    : Starting Servlet engine: [Apache Tomcat/11.0.21]
2026-07-28T11:56:02.383+03:00  INFO 40448 --- [backend-06-26] [main] b.w.c.s.WebApplicationContextInitializer : Root WebApplicationContext: initialization completed in 5485 ms
2026-07-28T11:56:02.886+03:00  INFO 40448 --- [backend-06-26] [main] org.hibernate.orm.jpa                    : HHH008540: Processing PersistenceUnitInfo [name: default]
2026-07-28T11:56:03.006+03:00  INFO 40448 --- [backend-06-26] [main] org.hibernate.orm.core                   : HHH000001: Hibernate ORM core version 7.2.12.Final
2026-07-28T11:56:03.937+03:00  INFO 40448 --- [backend-06-26] [main] o.s.o.j.p.SpringPersistenceUnitInfo      : No LoadTimeWeaver setup: ignoring JPA class transformer
2026-07-28T11:56:04.000+03:00  INFO 40448 --- [backend-06-26] [main] com.zaxxer.hikari.HikariDataSource       : HikariPool-1 - Starting...
2026-07-28T11:56:06.139+03:00  INFO 40448 --- [backend-06-26] [main] com.zaxxer.hikari.pool.HikariPool        : HikariPool-1 - Added connection org.postgresql.jdbc.PgConnection@2a341e3d
2026-07-28T11:56:06.143+03:00  INFO 40448 --- [backend-06-26] [main] com.zaxxer.hikari.HikariDataSource       : HikariPool-1 - Start completed.
2026-07-28T11:56:07.622+03:00  INFO 40448 --- [backend-06-26] [main] org.hibernate.orm.connections.pooling    : HHH10001005: Database info:
	Database JDBC URL [jdbc:postgresql://dpg-d9bi856cjfls738edtug-a.oregon-postgres.render.com/veebipood0626]
	Database driver: PostgreSQL JDBC Driver
	Database dialect: PostgreSQLDialect
	Database version: 18.4
	Default catalog/schema: veebipood0626/public
	Autocommit mode: undefined/unknown
	Isolation level: READ_COMMITTED [default READ_COMMITTED]
	JDBC fetch size: none
	Pool: DataSourceConnectionProvider
	Minimum pool size: undefined/unknown
	Maximum pool size: undefined/unknown
2026-07-28T11:56:10.886+03:00  INFO 40448 --- [backend-06-26] [main] org.hibernate.orm.core                   : HHH000489: No JTA platform available (set 'hibernate.transaction.jta.platform' to enable JTA platform integration)
2026-07-28T11:56:12.626+03:00  INFO 40448 --- [backend-06-26] [main] j.LocalContainerEntityManagerFactoryBean : Initialized JPA EntityManagerFactory for persistence unit 'default'
2026-07-28T11:56:12.830+03:00  INFO 40448 --- [backend-06-26] [main] o.s.d.j.r.query.QueryEnhancerFactories   : Hibernate is in classpath; If applicable, HQL parser will be used.
2026-07-28T11:56:14.276+03:00  WARN 40448 --- [backend-06-26] [main] JpaBaseConfiguration$JpaWebConfiguration : spring.jpa.open-in-view is enabled by default. Therefore, database queries may be performed during view rendering. Explicitly configure spring.jpa.open-in-view to disable this warning
2026-07-28T11:56:14.436+03:00 DEBUG 40448 --- [backend-06-26] [main] swordEncoderAuthenticationManagerBuilder : No authenticationProviders and no parentAuthenticationManager defined. Returning null.
2026-07-28T11:56:14.855+03:00 DEBUG 40448 --- [backend-06-26] [main] o.s.s.web.DefaultSecurityFilterChain     : Will secure any request with filters: DisableEncodeUrlFilter, WebAsyncManagerIntegrationFilter, SecurityContextHolderFilter, HeaderWriterFilter, LogoutFilter, OAuth2ProtectedResourceMetadataFilter, BearerTokenAuthenticationFilter, AuthenticationFilter, RequestCacheAwareFilter, SecurityContextHolderAwareRequestFilter, AnonymousAuthenticationFilter, SessionManagementFilter, ExceptionTranslationFilter, AuthorizationFilter
2026-07-28T11:56:15.785+03:00  INFO 40448 --- [backend-06-26] [main] o.s.v.b.OptionalValidatorFactoryBean     : Failed to set up a Bean Validation provider: jakarta.validation.NoProviderFoundException: Unable to create a Configuration, because no Jakarta Validation provider could be found. Add a provider like Hibernate Validator (RI) to your classpath.
2026-07-28T11:56:15.942+03:00  INFO 40448 --- [backend-06-26] [main] o.s.b.w.a.WelcomePageHandlerMapping      : Adding welcome page: class path resource [static/index.html]
2026-07-28T11:56:17.240+03:00  INFO 40448 --- [backend-06-26] [main] o.s.m.s.b.SimpleBrokerMessageHandler     : Starting...
2026-07-28T11:56:17.241+03:00  INFO 40448 --- [backend-06-26] [main] o.s.m.s.b.SimpleBrokerMessageHandler     : BrokerAvailabilityEvent[available=true, SimpleBrokerMessageHandler [org.springframework.messaging.simp.broker.DefaultSubscriptionRegistry@606cb314]]
2026-07-28T11:56:17.242+03:00  INFO 40448 --- [backend-06-26] [main] o.s.m.s.b.SimpleBrokerMessageHandler     : Started.
2026-07-28T11:56:17.270+03:00  INFO 40448 --- [backend-06-26] [main] o.s.boot.tomcat.TomcatWebServer          : Tomcat started on port 8080 (http) with context path '/'
2026-07-28T11:56:17.292+03:00  INFO 40448 --- [backend-06-26] [main] e.n.backend0626.Backend0626Application   : Started Backend0626Application in 22.053 seconds (process running for 24.177)
2026-07-28T11:56:24.780+03:00  INFO 40448 --- [backend-06-26] [http-nio-8080-exec-2] o.a.c.c.C.[Tomcat].[localhost].[/]       : Initializing Spring DispatcherServlet 'dispatcherServlet'
2026-07-28T11:56:24.781+03:00  INFO 40448 --- [backend-06-26] [http-nio-8080-exec-2] o.s.web.servlet.DispatcherServlet        : Initializing Servlet 'dispatcherServlet'
2026-07-28T11:56:24.788+03:00  INFO 40448 --- [backend-06-26] [http-nio-8080-exec-2] o.s.web.servlet.DispatcherServlet        : Completed initialization in 6 ms
2026-07-28T11:56:24.813+03:00 DEBUG 40448 --- [backend-06-26] [http-nio-8080-exec-2] o.s.security.web.FilterChainProxy        : Securing GET /orders
2026-07-28T11:56:25.158+03:00 DEBUG 40448 --- [backend-06-26] [http-nio-8080-exec-2] er$RestTemplateWithNimbusDefaultTimeouts : HTTP GET http://localhost:9090/realms/webshop-users/protocol/openid-connect/certs
2026-07-28T11:56:25.207+03:00 DEBUG 40448 --- [backend-06-26] [http-nio-8080-exec-2] er$RestTemplateWithNimbusDefaultTimeouts : Accept=[text/plain, application/json, application/yaml, application/*+json, */*]
2026-07-28T11:56:25.259+03:00 DEBUG 40448 --- [backend-06-26] [http-nio-8080-exec-2] er$RestTemplateWithNimbusDefaultTimeouts : Response 200 OK
2026-07-28T11:56:25.262+03:00 DEBUG 40448 --- [backend-06-26] [http-nio-8080-exec-2] er$RestTemplateWithNimbusDefaultTimeouts : Reading to [java.lang.String] as "application/json;charset=UTF-8"
2026-07-28T11:56:25.342+03:00 DEBUG 40448 --- [backend-06-26] [http-nio-8080-exec-2] o.s.s.o.s.r.a.JwtAuthenticationProvider  : Authenticated token
2026-07-28T11:56:25.344+03:00 DEBUG 40448 --- [backend-06-26] [http-nio-8080-exec-2] .s.r.w.a.BearerTokenAuthenticationFilter : Set SecurityContextHolder to JwtAuthenticationToken [Principal=org.springframework.security.oauth2.jwt.Jwt@f9dbd063, Credentials=[PROTECTED], Authenticated=true, Details=WebAuthenticationDetails [RemoteIpAddress=0:0:0:0:0:0:0:1, SessionId=null], Granted Authorities=[SCOPE_email, ROLE_role_admin, SCOPE_profile]]
2026-07-28T11:56:32.596+03:00 DEBUG 40448 --- [backend-06-26] [http-nio-8080-exec-3] o.s.security.web.FilterChainProxy        : Securing GET /orders
2026-07-28T11:56:32.601+03:00 DEBUG 40448 --- [backend-06-26] [http-nio-8080-exec-3] o.s.s.o.s.r.a.JwtAuthenticationProvider  : Authenticated token
2026-07-28T11:56:32.602+03:00 DEBUG 40448 --- [backend-06-26] [http-nio-8080-exec-3] .s.r.w.a.BearerTokenAuthenticationFilter : Set SecurityContextHolder to JwtAuthenticationToken [Principal=org.springframework.security.oauth2.jwt.Jwt@f9dbd063, Credentials=[PROTECTED], Authenticated=true, Details=WebAuthenticationDetails [RemoteIpAddress=0:0:0:0:0:0:0:1, SessionId=null], Granted Authorities=[SCOPE_email, ROLE_role_admin, SCOPE_profile]]
2026-07-28T11:57:17.134+03:00  INFO 40448 --- [backend-06-26] [MessageBroker-1] o.s.w.s.c.WebSocketMessageBrokerStats    : WebSocketSession[0 current WS(0)-HttpStream(0)-HttpPoll(0), 0 total, 0 closed abnormally (0 connect failure, 0 send limit, 0 transport error)], stompSubProtocol[processed CONNECT(0)-CONNECTED(0)-DISCONNECT(0)], stompBrokerRelay[null], inboundChannel[pool size = 0, active threads = 0, queued tasks = 0, completed tasks = 0], outboundChannel[pool size = 0, active threads = 0, queued tasks = 0, completed tasks = 0], sockJsScheduler[pool size = 3, active threads = 1, queued tasks = 2, completed tasks = 0]
2026-07-28T12:00:33.691+03:00  INFO 40448 --- [backend-06-26] [SpringApplicationShutdownHook] o.s.boot.tomcat.GracefulShutdown         : Commencing graceful shutdown. Waiting for active requests to complete
2026-07-28T12:00:33.734+03:00  INFO 40448 --- [backend-06-26] [tomcat-shutdown] o.s.boot.tomcat.GracefulShutdown         : Graceful shutdown complete
2026-07-28T12:00:33.739+03:00  INFO 40448 --- [backend-06-26] [SpringApplicationShutdownHook] o.s.m.s.b.SimpleBrokerMessageHandler     : Stopping...
2026-07-28T12:00:33.739+03:00  INFO 40448 --- [backend-06-26] [SpringApplicationShutdownHook] o.s.m.s.b.SimpleBrokerMessageHandler     : BrokerAvailabilityEvent[available=false, SimpleBrokerMessageHandler [org.springframework.messaging.simp.broker.DefaultSubscriptionRegistry@606cb314]]
2026-07-28T12:00:33.740+03:00  INFO 40448 --- [backend-06-26] [SpringApplicationShutdownHook] o.s.m.s.b.SimpleBrokerMessageHandler     : Stopped.
2026-07-28T12:00:33.777+03:00  INFO 40448 --- [backend-06-26] [SpringApplicationShutdownHook] j.LocalContainerEntityManagerFactoryBean : Closing JPA EntityManagerFactory for persistence unit 'default'
2026-07-28T12:00:33.784+03:00  INFO 40448 --- [backend-06-26] [SpringApplicationShutdownHook] com.zaxxer.hikari.HikariDataSource       : HikariPool-1 - Shutdown initiated...
2026-07-28T12:00:35.521+03:00  INFO 40448 --- [backend-06-26] [SpringApplicationShutdownHook] com.zaxxer.hikari.HikariDataSource       : HikariPool-1 - Shutdown completed.
2026-07-28T12:00:46.447+03:00  INFO 31548 --- [backend-06-26] [main] e.n.backend0626.Backend0626Application   : Starting Backend0626Application using Java 21.0.11 with PID 31548 (C:\Users\keyen\Documents\GitHub\backend-06-26\target\classes started by keyen in C:\Users\keyen\Documents\GitHub\backend-06-26)
2026-07-28T12:00:46.461+03:00  INFO 31548 --- [backend-06-26] [main] e.n.backend0626.Backend0626Application   : The following 1 profile is active: "prod"
2026-07-28T12:00:48.407+03:00  INFO 31548 --- [backend-06-26] [main] .s.d.r.c.RepositoryConfigurationDelegate : Multiple Spring Data modules found, entering strict repository configuration mode
2026-07-28T12:00:48.410+03:00  INFO 31548 --- [backend-06-26] [main] .s.d.r.c.RepositoryConfigurationDelegate : Bootstrapping Spring Data JPA repositories in DEFAULT mode.
2026-07-28T12:00:48.621+03:00  INFO 31548 --- [backend-06-26] [main] .s.d.r.c.RepositoryConfigurationDelegate : Finished Spring Data repository scanning in 183 ms. Found 5 JPA repository interfaces.
2026-07-28T12:00:48.680+03:00  INFO 31548 --- [backend-06-26] [main] .s.d.r.c.RepositoryConfigurationDelegate : Multiple Spring Data modules found, entering strict repository configuration mode
2026-07-28T12:00:48.682+03:00  INFO 31548 --- [backend-06-26] [main] .s.d.r.c.RepositoryConfigurationDelegate : Bootstrapping Spring Data Redis repositories in DEFAULT mode.
2026-07-28T12:00:48.701+03:00  INFO 31548 --- [backend-06-26] [main] .RepositoryConfigurationExtensionSupport : Spring Data Redis - Could not safely identify store assignment for repository candidate interface ee.nikolas.backend0626.repository.CategoryRepository; If you want this repository to be a Redis repository, consider annotating your entities with one of these annotations: org.springframework.data.redis.core.RedisHash (preferred), or consider extending one of the following types with your repository: org.springframework.data.keyvalue.repository.KeyValueRepository
2026-07-28T12:00:48.702+03:00  INFO 31548 --- [backend-06-26] [main] .RepositoryConfigurationExtensionSupport : Spring Data Redis - Could not safely identify store assignment for repository candidate interface ee.nikolas.backend0626.repository.FileDBRepository; If you want this repository to be a Redis repository, consider annotating your entities with one of these annotations: org.springframework.data.redis.core.RedisHash (preferred), or consider extending one of the following types with your repository: org.springframework.data.keyvalue.repository.KeyValueRepository
2026-07-28T12:00:48.702+03:00  INFO 31548 --- [backend-06-26] [main] .RepositoryConfigurationExtensionSupport : Spring Data Redis - Could not safely identify store assignment for repository candidate interface ee.nikolas.backend0626.repository.OrderRepository; If you want this repository to be a Redis repository, consider annotating your entities with one of these annotations: org.springframework.data.redis.core.RedisHash (preferred), or consider extending one of the following types with your repository: org.springframework.data.keyvalue.repository.KeyValueRepository
2026-07-28T12:00:48.704+03:00  INFO 31548 --- [backend-06-26] [main] .RepositoryConfigurationExtensionSupport : Spring Data Redis - Could not safely identify store assignment for repository candidate interface ee.nikolas.backend0626.repository.PersonRepository; If you want this repository to be a Redis repository, consider annotating your entities with one of these annotations: org.springframework.data.redis.core.RedisHash (preferred), or consider extending one of the following types with your repository: org.springframework.data.keyvalue.repository.KeyValueRepository
2026-07-28T12:00:48.704+03:00  INFO 31548 --- [backend-06-26] [main] .RepositoryConfigurationExtensionSupport : Spring Data Redis - Could not safely identify store assignment for repository candidate interface ee.nikolas.backend0626.repository.ProductRepository; If you want this repository to be a Redis repository, consider annotating your entities with one of these annotations: org.springframework.data.redis.core.RedisHash (preferred), or consider extending one of the following types with your repository: org.springframework.data.keyvalue.repository.KeyValueRepository
2026-07-28T12:00:48.704+03:00  INFO 31548 --- [backend-06-26] [main] .s.d.r.c.RepositoryConfigurationDelegate : Finished Spring Data repository scanning in 8 ms. Found 0 Redis repository interfaces.
2026-07-28T12:00:49.589+03:00  INFO 31548 --- [backend-06-26] [main] o.s.boot.tomcat.TomcatWebServer          : Tomcat initialized with port 8080 (http)
2026-07-28T12:00:49.602+03:00  INFO 31548 --- [backend-06-26] [main] o.apache.catalina.core.StandardService   : Starting service [Tomcat]
2026-07-28T12:00:49.604+03:00  INFO 31548 --- [backend-06-26] [main] o.apache.catalina.core.StandardEngine    : Starting Servlet engine: [Apache Tomcat/11.0.21]
2026-07-28T12:00:49.693+03:00  INFO 31548 --- [backend-06-26] [main] b.w.c.s.WebApplicationContextInitializer : Root WebApplicationContext: initialization completed in 3085 ms
2026-07-28T12:00:49.952+03:00  INFO 31548 --- [backend-06-26] [main] org.hibernate.orm.jpa                    : HHH008540: Processing PersistenceUnitInfo [name: default]
2026-07-28T12:00:50.032+03:00  INFO 31548 --- [backend-06-26] [main] org.hibernate.orm.core                   : HHH000001: Hibernate ORM core version 7.2.12.Final
2026-07-28T12:00:50.766+03:00  INFO 31548 --- [backend-06-26] [main] o.s.o.j.p.SpringPersistenceUnitInfo      : No LoadTimeWeaver setup: ignoring JPA class transformer
2026-07-28T12:00:50.804+03:00  INFO 31548 --- [backend-06-26] [main] com.zaxxer.hikari.HikariDataSource       : HikariPool-1 - Starting...
2026-07-28T12:00:52.832+03:00  INFO 31548 --- [backend-06-26] [main] com.zaxxer.hikari.pool.HikariPool        : HikariPool-1 - Added connection org.postgresql.jdbc.PgConnection@1978b0d5
2026-07-28T12:00:52.834+03:00  INFO 31548 --- [backend-06-26] [main] com.zaxxer.hikari.HikariDataSource       : HikariPool-1 - Start completed.
2026-07-28T12:00:54.102+03:00  INFO 31548 --- [backend-06-26] [main] org.hibernate.orm.connections.pooling    : HHH10001005: Database info:
	Database JDBC URL [jdbc:postgresql://dpg-d9bi856cjfls738edtug-a.oregon-postgres.render.com/veebipood0626]
	Database driver: PostgreSQL JDBC Driver
	Database dialect: PostgreSQLDialect
	Database version: 18.4
	Default catalog/schema: veebipood0626/public
	Autocommit mode: undefined/unknown
	Isolation level: READ_COMMITTED [default READ_COMMITTED]
	JDBC fetch size: none
	Pool: DataSourceConnectionProvider
	Minimum pool size: undefined/unknown
	Maximum pool size: undefined/unknown
2026-07-28T12:00:55.295+03:00  INFO 31548 --- [backend-06-26] [main] org.hibernate.orm.core                   : HHH000489: No JTA platform available (set 'hibernate.transaction.jta.platform' to enable JTA platform integration)
2026-07-28T12:00:56.995+03:00  INFO 31548 --- [backend-06-26] [main] j.LocalContainerEntityManagerFactoryBean : Initialized JPA EntityManagerFactory for persistence unit 'default'
2026-07-28T12:00:57.118+03:00  INFO 31548 --- [backend-06-26] [main] o.s.d.j.r.query.QueryEnhancerFactories   : Hibernate is in classpath; If applicable, HQL parser will be used.
2026-07-28T12:00:57.989+03:00  WARN 31548 --- [backend-06-26] [main] JpaBaseConfiguration$JpaWebConfiguration : spring.jpa.open-in-view is enabled by default. Therefore, database queries may be performed during view rendering. Explicitly configure spring.jpa.open-in-view to disable this warning
2026-07-28T12:00:58.104+03:00 DEBUG 31548 --- [backend-06-26] [main] swordEncoderAuthenticationManagerBuilder : No authenticationProviders and no parentAuthenticationManager defined. Returning null.
2026-07-28T12:00:58.407+03:00 DEBUG 31548 --- [backend-06-26] [main] o.s.s.web.DefaultSecurityFilterChain     : Will secure any request with filters: DisableEncodeUrlFilter, WebAsyncManagerIntegrationFilter, SecurityContextHolderFilter, HeaderWriterFilter, LogoutFilter, OAuth2ProtectedResourceMetadataFilter, BearerTokenAuthenticationFilter, AuthenticationFilter, RequestCacheAwareFilter, SecurityContextHolderAwareRequestFilter, AnonymousAuthenticationFilter, SessionManagementFilter, ExceptionTranslationFilter, AuthorizationFilter
2026-07-28T12:00:59.231+03:00  INFO 31548 --- [backend-06-26] [main] o.s.v.b.OptionalValidatorFactoryBean     : Failed to set up a Bean Validation provider: jakarta.validation.NoProviderFoundException: Unable to create a Configuration, because no Jakarta Validation provider could be found. Add a provider like Hibernate Validator (RI) to your classpath.
2026-07-28T12:00:59.390+03:00  INFO 31548 --- [backend-06-26] [main] o.s.b.w.a.WelcomePageHandlerMapping      : Adding welcome page: class path resource [static/index.html]
2026-07-28T12:01:00.340+03:00  INFO 31548 --- [backend-06-26] [main] o.s.m.s.b.SimpleBrokerMessageHandler     : Starting...
2026-07-28T12:01:00.341+03:00  INFO 31548 --- [backend-06-26] [main] o.s.m.s.b.SimpleBrokerMessageHandler     : BrokerAvailabilityEvent[available=true, SimpleBrokerMessageHandler [org.springframework.messaging.simp.broker.DefaultSubscriptionRegistry@380cb7e3]]
2026-07-28T12:01:00.343+03:00  INFO 31548 --- [backend-06-26] [main] o.s.m.s.b.SimpleBrokerMessageHandler     : Started.
2026-07-28T12:01:00.358+03:00  INFO 31548 --- [backend-06-26] [main] o.s.boot.tomcat.TomcatWebServer          : Tomcat started on port 8080 (http) with context path '/'
2026-07-28T12:01:00.372+03:00  INFO 31548 --- [backend-06-26] [main] e.n.backend0626.Backend0626Application   : Started Backend0626Application in 15.52 seconds (process running for 17.625)
2026-07-28T12:01:16.296+03:00  INFO 31548 --- [backend-06-26] [http-nio-8080-exec-1] o.a.c.c.C.[Tomcat].[localhost].[/]       : Initializing Spring DispatcherServlet 'dispatcherServlet'
2026-07-28T12:01:16.297+03:00  INFO 31548 --- [backend-06-26] [http-nio-8080-exec-1] o.s.web.servlet.DispatcherServlet        : Initializing Servlet 'dispatcherServlet'
2026-07-28T12:01:16.301+03:00  INFO 31548 --- [backend-06-26] [http-nio-8080-exec-1] o.s.web.servlet.DispatcherServlet        : Completed initialization in 4 ms
2026-07-28T12:01:16.319+03:00 DEBUG 31548 --- [backend-06-26] [http-nio-8080-exec-1] o.s.security.web.FilterChainProxy        : Securing GET /orders
2026-07-28T12:01:16.552+03:00 DEBUG 31548 --- [backend-06-26] [http-nio-8080-exec-1] er$RestTemplateWithNimbusDefaultTimeouts : HTTP GET http://localhost:9090/realms/webshop-users/protocol/openid-connect/certs
2026-07-28T12:01:16.575+03:00 DEBUG 31548 --- [backend-06-26] [http-nio-8080-exec-1] er$RestTemplateWithNimbusDefaultTimeouts : Accept=[text/plain, application/json, application/yaml, application/*+json, */*]
2026-07-28T12:01:16.611+03:00 DEBUG 31548 --- [backend-06-26] [http-nio-8080-exec-1] er$RestTemplateWithNimbusDefaultTimeouts : Response 200 OK
2026-07-28T12:01:16.618+03:00 DEBUG 31548 --- [backend-06-26] [http-nio-8080-exec-1] er$RestTemplateWithNimbusDefaultTimeouts : Reading to [java.lang.String] as "application/json;charset=UTF-8"
2026-07-28T12:01:16.684+03:00 DEBUG 31548 --- [backend-06-26] [http-nio-8080-exec-1] o.s.s.o.s.r.a.JwtAuthenticationProvider  : Authenticated token
2026-07-28T12:01:16.687+03:00 DEBUG 31548 --- [backend-06-26] [http-nio-8080-exec-1] .s.r.w.a.BearerTokenAuthenticationFilter : Set SecurityContextHolder to JwtAuthenticationToken [Principal=org.springframework.security.oauth2.jwt.Jwt@4d837c2b, Credentials=[PROTECTED], Authenticated=true, Details=WebAuthenticationDetails [RemoteIpAddress=0:0:0:0:0:0:0:1, SessionId=null], Granted Authorities=[SCOPE_email, ROLE_role_admin, SCOPE_profile]]
2026-07-28T12:01:16.698+03:00 DEBUG 31548 --- [backend-06-26] [http-nio-8080-exec-1] o.s.security.web.FilterChainProxy        : Secured GET /orders
2026-07-28T12:01:37.847+03:00 DEBUG 31548 --- [backend-06-26] [http-nio-8080-exec-3] o.s.security.web.FilterChainProxy        : Securing GET /persons
2026-07-28T12:01:37.851+03:00 DEBUG 31548 --- [backend-06-26] [http-nio-8080-exec-3] o.s.s.o.s.r.a.JwtAuthenticationProvider  : Authenticated token
2026-07-28T12:01:37.852+03:00 DEBUG 31548 --- [backend-06-26] [http-nio-8080-exec-3] .s.r.w.a.BearerTokenAuthenticationFilter : Set SecurityContextHolder to JwtAuthenticationToken [Principal=org.springframework.security.oauth2.jwt.Jwt@4d837c2b, Credentials=[PROTECTED], Authenticated=true, Details=WebAuthenticationDetails [RemoteIpAddress=0:0:0:0:0:0:0:1, SessionId=null], Granted Authorities=[SCOPE_email, ROLE_role_admin, SCOPE_profile]]
2026-07-28T12:02:00.303+03:00  INFO 31548 --- [backend-06-26] [MessageBroker-1] o.s.w.s.c.WebSocketMessageBrokerStats    : WebSocketSession[0 current WS(0)-HttpStream(0)-HttpPoll(0), 0 total, 0 closed abnormally (0 connect failure, 0 send limit, 0 transport error)], stompSubProtocol[processed CONNECT(0)-CONNECTED(0)-DISCONNECT(0)], stompBrokerRelay[null], inboundChannel[pool size = 0, active threads = 0, queued tasks = 0, completed tasks = 0], outboundChannel[pool size = 0, active threads = 0, queued tasks = 0, completed tasks = 0], sockJsScheduler[pool size = 3, active threads = 1, queued tasks = 2, completed tasks = 0]
2026-07-28T12:32:00.313+03:00  INFO 31548 --- [backend-06-26] [MessageBroker-3] o.s.w.s.c.WebSocketMessageBrokerStats    : WebSocketSession[0 current WS(0)-HttpStream(0)-HttpPoll(0), 0 total, 0 closed abnormally (0 connect failure, 0 send limit, 0 transport error)], stompSubProtocol[processed CONNECT(0)-CONNECTED(0)-DISCONNECT(0)], stompBrokerRelay[null], inboundChannel[pool size = 0, active threads = 0, queued tasks = 0, completed tasks = 0], outboundChannel[pool size = 0, active threads = 0, queued tasks = 0, completed tasks = 0], sockJsScheduler[pool size = 4, active threads = 1, queued tasks = 2, completed tasks = 1]
2026-07-28T18:28:19.169+03:00  WARN 31548 --- [backend-06-26] [HikariPool-1:housekeeper] com.zaxxer.hikari.pool.PoolBase          : HikariPool-1 - Failed to validate connection org.postgresql.jdbc.PgConnection@1519736e (This connection has been closed.). Possibly consider using a shorter maxLifetime value.
2026-07-28T18:28:19.174+03:00  WARN 31548 --- [backend-06-26] [HikariPool-1:housekeeper] com.zaxxer.hikari.pool.PoolBase          : HikariPool-1 - Failed to validate connection org.postgresql.jdbc.PgConnection@634d809a (This connection has been closed.). Possibly consider using a shorter maxLifetime value.
2026-07-28T18:28:19.177+03:00  WARN 31548 --- [backend-06-26] [HikariPool-1:housekeeper] com.zaxxer.hikari.pool.PoolBase          : HikariPool-1 - Failed to validate connection org.postgresql.jdbc.PgConnection@39532b69 (This connection has been closed.). Possibly consider using a shorter maxLifetime value.
2026-07-28T18:28:19.181+03:00  WARN 31548 --- [backend-06-26] [HikariPool-1:housekeeper] com.zaxxer.hikari.pool.PoolBase          : HikariPool-1 - Failed to validate connection org.postgresql.jdbc.PgConnection@678fad2e (This connection has been closed.). Possibly consider using a shorter maxLifetime value.
2026-07-28T18:28:19.184+03:00  WARN 31548 --- [backend-06-26] [HikariPool-1:housekeeper] com.zaxxer.hikari.pool.PoolBase          : HikariPool-1 - Failed to validate connection org.postgresql.jdbc.PgConnection@25a962d7 (This connection has been closed.). Possibly consider using a shorter maxLifetime value.
2026-07-28T18:28:19.185+03:00  WARN 31548 --- [backend-06-26] [HikariPool-1:housekeeper] com.zaxxer.hikari.pool.HikariPool        : HikariPool-1 - Thread starvation or clock leap detected (housekeeper delta=5h33m25s337ms54µs).
2026-07-28T18:28:19.217+03:00  WARN 31548 --- [backend-06-26] [HikariPool-1:housekeeper] com.zaxxer.hikari.pool.PoolBase          : HikariPool-1 - Failed to validate connection org.postgresql.jdbc.PgConnection@a4711ff (This connection has been closed.). Possibly consider using a shorter maxLifetime value.
2026-07-28T18:28:19.221+03:00  WARN 31548 --- [backend-06-26] [HikariPool-1:housekeeper] com.zaxxer.hikari.pool.PoolBase          : HikariPool-1 - Failed to validate connection org.postgresql.jdbc.PgConnection@10bb3b44 (This connection has been closed.). Possibly consider using a shorter maxLifetime value.
2026-07-28T18:28:19.227+03:00  WARN 31548 --- [backend-06-26] [HikariPool-1:housekeeper] com.zaxxer.hikari.pool.PoolBase          : HikariPool-1 - Failed to validate connection org.postgresql.jdbc.PgConnection@7e6a4c5e (This connection has been closed.). Possibly consider using a shorter maxLifetime value.
2026-07-28T18:28:19.228+03:00  WARN 31548 --- [backend-06-26] [HikariPool-1:housekeeper] com.zaxxer.hikari.pool.PoolBase          : HikariPool-1 - Failed to validate connection org.postgresql.jdbc.PgConnection@2f297e04 (This connection has been closed.). Possibly consider using a shorter maxLifetime value.
2026-07-28T18:28:19.236+03:00  WARN 31548 --- [backend-06-26] [HikariPool-1:housekeeper] com.zaxxer.hikari.pool.PoolBase          : HikariPool-1 - Failed to validate connection org.postgresql.jdbc.PgConnection@1d534af7 (This connection has been closed.). Possibly consider using a shorter maxLifetime value.
2026-07-28T18:40:07.875+03:00  WARN 31548 --- [backend-06-26] [HikariPool-1:housekeeper] com.zaxxer.hikari.pool.HikariPool        : HikariPool-1 - Thread starvation or clock leap detected (housekeeper delta=11m48s689ms516µs500ns).
2026-07-28T18:40:07.893+03:00  WARN 31548 --- [backend-06-26] [HikariPool-1:housekeeper] com.zaxxer.hikari.pool.PoolBase          : HikariPool-1 - Failed to validate connection org.postgresql.jdbc.PgConnection@547b3302 (This connection has been closed.). Possibly consider using a shorter maxLifetime value.
2026-07-28T18:40:07.899+03:00  WARN 31548 --- [backend-06-26] [HikariPool-1:housekeeper] com.zaxxer.hikari.pool.PoolBase          : HikariPool-1 - Failed to validate connection org.postgresql.jdbc.PgConnection@1ce2152e (This connection has been closed.). Possibly consider using a shorter maxLifetime value.
2026-07-28T18:40:07.902+03:00  WARN 31548 --- [backend-06-26] [HikariPool-1:housekeeper] com.zaxxer.hikari.pool.PoolBase          : HikariPool-1 - Failed to validate connection org.postgresql.jdbc.PgConnection@1b61e0b7 (This connection has been closed.). Possibly consider using a shorter maxLifetime value.
2026-07-28T18:40:07.909+03:00  WARN 31548 --- [backend-06-26] [HikariPool-1:housekeeper] com.zaxxer.hikari.pool.PoolBase          : HikariPool-1 - Failed to validate connection org.postgresql.jdbc.PgConnection@160f33fa (This connection has been closed.). Possibly consider using a shorter maxLifetime value.
2026-07-28T18:44:39.970+03:00  INFO 31548 --- [backend-06-26] [MessageBroker-1] o.s.w.s.c.WebSocketMessageBrokerStats    : WebSocketSession[0 current WS(0)-HttpStream(0)-HttpPoll(0), 0 total, 0 closed abnormally (0 connect failure, 0 send limit, 0 transport error)], stompSubProtocol[processed CONNECT(0)-CONNECTED(0)-DISCONNECT(0)], stompBrokerRelay[null], inboundChannel[pool size = 0, active threads = 0, queued tasks = 0, completed tasks = 0], outboundChannel[pool size = 0, active threads = 0, queued tasks = 0, completed tasks = 0], sockJsScheduler[pool size = 5, active threads = 2, queued tasks = 1, completed tasks = 2]
2026-07-28T19:07:25.961+03:00  WARN 31548 --- [backend-06-26] [HikariPool-1:housekeeper] com.zaxxer.hikari.pool.HikariPool        : HikariPool-1 - Thread starvation or clock leap detected (housekeeper delta=1m17s651ms878µs500ns).
2026-07-28T19:12:33.610+03:00  INFO 31548 --- [backend-06-26] [SpringApplicationShutdownHook] o.s.boot.tomcat.GracefulShutdown         : Commencing graceful shutdown. Waiting for active requests to complete
2026-07-28T19:12:33.625+03:00  INFO 31548 --- [backend-06-26] [tomcat-shutdown] o.s.boot.tomcat.GracefulShutdown         : Graceful shutdown complete
2026-07-28T19:12:33.628+03:00  INFO 31548 --- [backend-06-26] [SpringApplicationShutdownHook] o.s.m.s.b.SimpleBrokerMessageHandler     : Stopping...
2026-07-28T19:12:33.629+03:00  INFO 31548 --- [backend-06-26] [SpringApplicationShutdownHook] o.s.m.s.b.SimpleBrokerMessageHandler     : BrokerAvailabilityEvent[available=false, SimpleBrokerMessageHandler [org.springframework.messaging.simp.broker.DefaultSubscriptionRegistry@380cb7e3]]
2026-07-28T19:12:33.629+03:00  INFO 31548 --- [backend-06-26] [SpringApplicationShutdownHook] o.s.m.s.b.SimpleBrokerMessageHandler     : Stopped.
2026-07-28T19:12:33.646+03:00  INFO 31548 --- [backend-06-26] [SpringApplicationShutdownHook] j.LocalContainerEntityManagerFactoryBean : Closing JPA EntityManagerFactory for persistence unit 'default'
2026-07-28T19:12:33.649+03:00  INFO 31548 --- [backend-06-26] [SpringApplicationShutdownHook] com.zaxxer.hikari.HikariDataSource       : HikariPool-1 - Shutdown initiated...
2026-07-28T19:12:35.390+03:00  INFO 31548 --- [backend-06-26] [SpringApplicationShutdownHook] com.zaxxer.hikari.HikariDataSource       : HikariPool-1 - Shutdown completed.
